,str_date,dt.time,Oa08_mean,kde_flag,Oa08_kde_min,Oa08_kde_max
0,20160425T134227,2016-04-25 13:42:27,,False,False,False
1,20160428T140436,2016-04-28 14:04:36,,False,False,False
2,20160429T133846,2016-04-29 13:38:46,,False,False,False
3,20160502T140055,2016-05-02 14:00:55,0.05821304177777778,True,0.05390179,0.05821304177777778
4,20160503T133505,2016-05-03 13:35:05,,False,False,False
5,20160506T135714,2016-05-06 13:57:14,0.09746419394438385,True,0.061537523,0.14725181
6,20160507T133124,2016-05-07 13:31:24,,False,False,False
7,20160510T135333,2016-05-10 13:53:33,0.09683867039205703,True,0.05701468,0.14492629999999998
8,20160511T132743,2016-05-11 13:27:43,,False,False,False
9,20160514T134952,2016-05-14 13:49:52,0.095349297,True,0.092172004,0.18283029
10,20160515T132401,2016-05-15 13:24:01,,False,False,False
11,20160517T141201,2016-05-17 14:12:01,,False,False,False
12,20160518T134611,2016-05-18 13:46:11,0.09017719688481675,True,0.06439406,0.09017719688481675
13,20160521T140819,2016-05-21 14:08:19,,False,False,False
14,20160522T134229,2016-05-22 13:42:29,0.0841694786434159,True,0.08332774,0.14501786
15,20160525T140438,2016-05-25 14:04:38,,False,False,False
16,20160526T133847,2016-05-26 13:38:47,0.09537711832926829,True,0.09537711832926829,0.15171972
17,20160529T140056,2016-05-29 14:00:56,,False,False,False
18,20160530T133505,2016-05-30 13:35:05,0.08680942665473144,True,0.08680942665473144,0.08680942665473144
19,20160602T135714,2016-06-02 13:57:14,0.11674551,False,False,False
20,20160603T133124,2016-06-03 13:31:24,,False,False,False
21,20160606T135333,2016-06-06 13:53:33,0.08163377200379507,True,0.07882321,0.13328044
22,20160607T132743,2016-06-07 13:27:43,0.09204101312,True,0.09204101312,0.11729484
23,20160610T134952,2016-06-10 13:49:52,0.0868426087241888,True,0.0868426087241888,0.16312754
24,20160611T132401,2016-06-11 13:24:01,,False,False,False
25,20160613T141201,2016-06-13 14:12:01,,False,False,False
26,20160614T134611,2016-06-14 13:46:11,0.09243423486022515,True,0.09121983,0.15448470000000003
27,20160617T140820,2016-06-17 14:08:20,,False,False,False
28,20160618T134230,2016-06-18 13:42:30,0.09290710317391304,True,0.0776513,0.09290710317391304
29,20160621T140308,2016-06-21 14:03:08,,False,False,False
30,20160621T140508,2016-06-21 14:05:08,,False,False,False
31,20160622T133849,2016-06-22 13:38:49,,False,False,False
32,20160625T140058,2016-06-25 14:00:58,,False,False,False
33,20160626T133507,2016-06-26 13:35:07,0.08659724243529413,True,0.06419264,0.08659724243529413
34,20160629T135716,2016-06-29 13:57:16,0.07631077179861111,True,0.07631077179861111,0.07755974
35,20160630T133126,2016-06-30 13:31:26,0.08395562308970589,True,0.08395562308970589,0.103708
36,20160703T135335,2016-07-03 13:53:35,0.08374279,True,0.08363903,0.08374279
37,20160704T132744,2016-07-04 13:27:44,0.08684215523573201,True,0.08684215523573201,0.09026765
38,20160707T134953,2016-07-07 13:49:53,0.08967340811616162,True,0.08967340811616162,0.14970550000000002
39,20160708T132402,2016-07-08 13:24:02,,False,False,False
40,20160710T141202,2016-07-10 14:12:02,,False,False,False
41,20160711T134611,2016-07-11 13:46:11,0.09202446646559632,True,0.08332774,0.13959777
42,20160714T140820,2016-07-14 14:08:20,,False,False,False
43,20160715T134229,2016-07-15 13:42:29,0.08678162474475525,True,0.08374889999999999,0.10288399999999999
44,20160718T140438,2016-07-18 14:04:38,,False,False,False
45,20160719T133847,2016-07-19 13:38:47,0.08877388643786982,True,0.08877388643786982,0.15312968
46,20160722T140056,2016-07-22 14:00:56,0.07952043921230768,True,0.06285592,0.08039796
47,20160723T133506,2016-07-23 13:35:06,0.08648771450140057,True,0.08648771450140057,0.08808863
48,20160726T135715,2016-07-26 13:57:15,0.07828326448300282,True,0.07828326448300282,0.07828326448300282
49,20160727T133124,2016-07-27 13:31:24,0.08715946878149101,True,0.08034303,0.08715946878149101
50,20160730T135333,2016-07-30 13:53:33,0.07323371735999999,True,0.055531483,0.07323371735999999
51,20160731T132743,2016-07-31 13:27:43,0.07787957621666666,True,0.07787957621666666,0.08118534
52,20160803T134952,2016-08-03 13:49:52,0.07731063358783784,True,0.07731063358783784,0.07731063358783784
53,20160804T132401,2016-08-04 13:24:01,,False,False,False
54,20160806T141201,2016-08-06 14:12:01,,False,False,False
55,20160807T134610,2016-08-07 13:46:10,0.07923234505019305,True,0.07874996,0.07923234505019305
56,20160810T140819,2016-08-10 14:08:19,,False,False,False
57,20160811T134229,2016-08-11 13:42:29,0.068802565492,True,0.068802565492,0.068802565492
58,20160814T140437,2016-08-14 14:04:37,,False,False,False
59,20160815T133847,2016-08-15 13:38:47,0.08116488881016949,True,0.08116488881016949,0.13234657
60,20160818T140056,2016-08-18 14:00:56,,False,False,False
61,20160819T133505,2016-08-19 13:35:05,0.07864498029696969,True,0.07829218,0.07864498029696969
62,20160822T135731,2016-08-22 13:57:31,,False,False,False
63,20160823T133127,2016-08-23 13:31:27,0.0797585108235294,True,0.0797585108235294,0.0797585108235294
64,20160826T135213,2016-08-26 13:52:13,0.08089416503821138,True,0.08089416503821138,0.08089416503821138
65,20160827T132809,2016-08-27 13:28:09,0.112350844,False,False,False
66,20160830T134855,2016-08-30 13:48:55,0.07964103156164384,True,0.07964103156164384,0.07964103156164384
67,20160831T132251,2016-08-31 13:22:51,,False,False,False
68,20160902T141144,2016-09-02 14:11:44,,False,False,False
69,20160903T134540,2016-09-03 13:45:40,,False,False,False
70,20160906T140830,2016-09-06 14:08:30,,False,False,False
71,20160907T134226,2016-09-07 13:42:26,0.08193242064312267,True,0.080910675,0.13013093
72,20160910T140316,2016-09-10 14:03:16,,False,False,False
73,20160911T133913,2016-09-11 13:39:13,,False,False,False
74,20160914T140002,2016-09-14 14:00:02,,False,False,False
75,20160915T133359,2016-09-15 13:33:59,,False,False,False
76,20160918T135649,2016-09-18 13:56:49,0.08627880940169133,True,0.0682577,0.08627880940169133
77,20160919T133046,2016-09-19 13:30:46,0.10512730264583332,True,0.09731743,0.1444319
78,20160922T135335,2016-09-22 13:53:35,0.08437506234338357,True,0.0664449,0.08437506234338357
79,20160923T132732,2016-09-23 13:27:32,,False,False,False
80,20160926T135021,2016-09-26 13:50:21,0.0877147165014045,True,0.0877147165014045,0.09004792
81,20160927T132418,2016-09-27 13:24:18,,False,False,False
82,20160929T141111,2016-09-29 14:11:11,,False,False,False
83,20160930T134507,2016-09-30 13:45:07,0.09551649418518517,True,0.09551649418518517,0.09563281
84,20161003T140756,2016-10-03 14:07:56,,False,False,False
85,20161004T134152,2016-10-04 13:41:52,0.10615250700000001,True,0.10615250700000001,0.14943083
86,20161007T140441,2016-10-07 14:04:41,,False,False,False
87,20161008T133837,2016-10-08 13:38:37,0.10919536261594202,True,0.10211494,0.13575244
88,20161011T140125,2016-10-11 14:01:25,,False,False,False
89,20161012T133521,2016-10-12 13:35:21,0.10603944166666665,True,0.10603944166666665,0.10603944166666665
90,20161015T135609,2016-10-15 13:56:09,0.1057813709047619,True,0.10526445,0.1057813709047619
91,20161016T133004,2016-10-16 13:30:04,0.14221625999999998,False,False,False
92,20161016T133204,2016-10-16 13:32:04,,False,False,False
93,20161019T135251,2016-10-19 13:52:51,0.10630965821341463,True,0.10630965821341463,0.15345928
94,20161020T132647,2016-10-20 13:26:47,,False,False,False
95,20161023T134933,2016-10-23 13:49:33,0.1433227717857143,True,0.101382494,0.14516434
96,20161024T132328,2016-10-24 13:23:28,,False,False,False
97,20161026T141218,2016-10-26 14:12:18,,False,False,False
98,20161027T134614,2016-10-27 13:46:14,,False,False,False
99,20161030T140658,2016-10-30 14:06:58,,False,False,False
100,20161031T134253,2016-10-31 13:42:53,,False,False,False
101,20161103T140337,2016-11-03 14:03:37,,False,False,False
102,20161104T133732,2016-11-04 13:37:32,0.12176309090740742,True,0.10951262,0.12176309090740742
103,20161107T140016,2016-11-07 14:00:16,,False,False,False
104,20161108T133410,2016-11-08 13:34:10,,False,False,False
105,20161111T135653,2016-11-11 13:56:53,0.1382889651201923,True,0.09043245,0.1382889651201923
106,20161112T133047,2016-11-12 13:30:47,,False,False,False
107,20161115T135328,2016-11-15 13:53:28,0.10766673402985075,True,0.10766673402985075,0.13862728
108,20161116T132722,2016-11-16 13:27:22,,False,False,False
109,20161119T135002,2016-11-19 13:50:02,0.11921160181324279,True,0.11758782,0.15999635
110,20161120T132355,2016-11-20 13:23:55,,False,False,False
111,20161122T141041,2016-11-22 14:10:41,,False,False,False
112,20161123T134634,2016-11-23 13:46:34,0.15419338909090904,True,0.15419338909090904,0.16039918
113,20161126T140712,2016-11-26 14:07:12,,False,False,False
114,20161127T134104,2016-11-27 13:41:04,,False,False,False
115,20161130T140340,2016-11-30 14:03:40,,False,False,False
116,20161201T133732,2016-12-01 13:37:32,,False,False,False
117,20161204T140007,2016-12-04 14:00:07,,False,False,False
118,20161205T133359,2016-12-05 13:33:59,,False,False,False
119,20161208T135632,2016-12-08 13:56:32,0.11016693446616542,True,0.11016693446616542,0.15045625
120,20161209T133023,2016-12-09 13:30:23,,False,False,False
121,20161212T135255,2016-12-12 13:52:55,,False,False,False
122,20161213T132646,2016-12-13 13:26:46,0.15805536,True,0.15805536,0.15805537
123,20161216T134916,2016-12-16 13:49:16,,False,False,False
124,20161217T132307,2016-12-17 13:23:07,,False,False,False
125,20161219T141146,2016-12-19 14:11:46,,False,False,False
126,20161220T134536,2016-12-20 13:45:36,0.15661201705882352,True,0.14644612,0.15661201705882352
127,20161223T140804,2016-12-23 14:08:04,,False,False,False
128,20161224T134153,2016-12-24 13:41:53,0.14946745,False,False,False
129,20161227T140419,2016-12-27 14:04:19,,False,False,False
130,20161228T133808,2016-12-28 13:38:08,0.17028154846153848,True,0.16021608,0.17028154846153848
131,20161231T140032,2016-12-31 14:00:32,,False,False,False
132,20170101T133419,2017-01-01 13:34:19,,False,False,False
133,20170104T135641,2017-01-04 13:56:41,,False,False,False
134,20170105T133029,2017-01-05 13:30:29,,False,False,False
135,20170108T135249,2017-01-08 13:52:49,,False,False,False
136,20170109T132636,2017-01-09 13:26:36,,False,False,False
137,20170112T134854,2017-01-12 13:48:54,,False,False,False
138,20170113T132240,2017-01-13 13:22:40,,False,False,False
139,20170115T141111,2017-01-15 14:11:11,,False,False,False
140,20170116T134457,2017-01-16 13:44:57,0.17424696125,True,0.17424696125,0.18863492
141,20170119T140712,2017-01-19 14:07:12,,False,False,False
142,20170120T134257,2017-01-20 13:42:57,,False,False,False
143,20170123T140311,2017-01-23 14:03:11,,False,False,False
144,20170123T140511,2017-01-23 14:05:11,,False,False,False
145,20170124T133855,2017-01-24 13:38:55,0.17260104,True,0.17019562,0.17260104
146,20170127T140107,2017-01-27 14:01:07,,False,False,False
147,20170128T133451,2017-01-28 13:34:51,,False,False,False
148,20170131T135701,2017-01-31 13:57:01,,False,False,False
149,20170201T133044,2017-02-01 13:30:44,,False,False,False
150,20170204T135253,2017-02-04 13:52:53,,False,False,False
151,20170205T132636,2017-02-05 13:26:36,,False,False,False
152,20170208T134843,2017-02-08 13:48:43,,False,False,False
153,20170209T132426,2017-02-09 13:24:26,,False,False,False
154,20170211T141050,2017-02-11 14:10:50,,False,False,False
155,20170212T134632,2017-02-12 13:46:32,,False,False,False
156,20170215T140837,2017-02-15 14:08:37,,False,False,False
157,20170216T134219,2017-02-16 13:42:19,,False,False,False
158,20170219T140424,2017-02-19 14:04:24,,False,False,False
159,20170220T133805,2017-02-20 13:38:05,0.1303984713888889,True,0.1303984713888889,0.1303984713888889
160,20170223T140009,2017-02-23 14:00:09,,False,False,False
161,20170224T133351,2017-02-24 13:33:51,,False,False,False
162,20170227T135554,2017-02-27 13:55:54,,False,False,False
163,20170228T133135,2017-02-28 13:31:35,,False,False,False
164,20170303T135339,2017-03-03 13:53:39,0.11574239831092437,True,0.11574239831092437,0.12764062
165,20170304T132720,2017-03-04 13:27:20,,False,False,False
166,20170307T134923,2017-03-07 13:49:23,0.16885892,False,False,False
167,20170308T132304,2017-03-08 13:23:04,,False,False,False
168,20170310T141125,2017-03-10 14:11:25,,False,False,False
169,20170311T134507,2017-03-11 13:45:07,,False,False,False
170,20170314T140709,2017-03-14 14:07:09,,False,False,False
171,20170315T134250,2017-03-15 13:42:50,,False,False,False
172,20170318T140454,2017-03-18 14:04:54,,False,False,False
173,20170319T133836,2017-03-19 13:38:36,,False,False,False
174,20170322T140040,2017-03-22 14:00:40,,False,False,False
175,20170323T133422,2017-03-23 13:34:22,0.13560009854166666,True,0.10396436,0.13560009854166666
176,20170326T135626,2017-03-26 13:56:26,,False,False,False
177,20170327T133008,2017-03-27 13:30:08,,False,False,False
178,20170330T135213,2017-03-30 13:52:13,0.11032285035097493,True,0.10986053,0.11032285035097493
179,20170331T132755,2017-03-31 13:27:55,,False,False,False
180,20170403T135000,2017-04-03 13:50:00,0.10145252557860082,True,0.10145252557860082,0.13809626
181,20170404T132342,2017-04-04 13:23:42,,False,False,False
182,20170406T141206,2017-04-06 14:12:06,,False,False,False
183,20170407T134548,2017-04-07 13:45:48,0.12773174686046512,True,0.12773174686046512,0.12817164
184,20170410T140754,2017-04-10 14:07:54,,False,False,False
185,20170411T134137,2017-04-11 13:41:37,0.10897648051836735,True,0.10897648051836735,0.15351420000000002
186,20170414T140344,2017-04-14 14:03:44,,False,False,False
187,20170415T133726,2017-04-15 13:37:26,,False,False,False
188,20170415T133926,2017-04-15 13:39:26,,False,False,False
189,20170418T135934,2017-04-18 13:59:34,,False,False,False
190,20170418T140134,2017-04-18 14:01:34,,False,False,False
191,20170419T133517,2017-04-19 13:35:17,,False,False,False
192,20170422T135725,2017-04-22 13:57:25,0.08165360540528635,True,0.08165360540528635,0.08165360540528635
193,20170423T133130,2017-04-23 13:31:30,,False,False,False
194,20170426T135339,2017-04-26 13:53:39,0.07769952805357143,True,0.07769952805357143,0.12090213
195,20170427T132748,2017-04-27 13:27:48,0.08596715514285715,True,0.08574480599999999,0.08596715514285715
196,20170430T134959,2017-04-30 13:49:59,0.0729024128919708,True,0.0729024128919708,0.12699974
197,20170501T132408,2017-05-01 13:24:08,,False,False,False
198,20170503T141208,2017-05-03 14:12:08,,False,False,False
199,20170504T134618,2017-05-04 13:46:18,0.06977902255737706,True,0.06664632,0.06977902255737706
200,20170507T140827,2017-05-07 14:08:27,,False,False,False
201,20170508T134237,2017-05-08 13:42:37,,False,False,False
202,20170511T140447,2017-05-11 14:04:47,,False,False,False
203,20170512T133857,2017-05-12 13:38:57,0.0856719979047619,True,0.07505112,0.12460098
204,20170515T140106,2017-05-15 14:01:06,,False,False,False
205,20170516T133516,2017-05-16 13:35:16,,False,False,False
206,20170519T135725,2017-05-19 13:57:25,0.06365651827237354,True,0.06365651827237354,0.10993378
207,20170520T133135,2017-05-20 13:31:35,0.07496253443243242,True,0.07496253443243242,0.07496253443243242
208,20170523T135344,2017-05-23 13:53:44,,False,False,False
209,20170524T132754,2017-05-24 13:27:54,0.080910675,False,False,False
210,20170527T135003,2017-05-27 13:50:03,0.06337185657098765,True,0.06337185657098765,0.06419264
211,20170528T132412,2017-05-28 13:24:12,,False,False,False
212,20170530T141212,2017-05-30 14:12:12,,False,False,False
213,20170531T134622,2017-05-31 13:46:22,,False,False,False
214,20170603T140831,2017-06-03 14:08:31,,False,False,False
215,20170604T134240,2017-06-04 13:42:40,0.06494205286516853,True,0.056904815,0.0667745
216,20170607T140449,2017-06-07 14:04:49,,False,False,False
217,20170608T133859,2017-06-08 13:38:59,,False,False,False
218,20170611T140108,2017-06-11 14:01:08,0.07081678970731708,True,0.07081678970731708,0.07457503
219,20170612T133517,2017-06-12 13:35:17,0.07700135781368822,True,0.042036198,0.0792993
220,20170615T135726,2017-06-15 13:57:26,0.06250110820391062,True,0.06250110820391062,0.06349681
221,20170616T133135,2017-06-16 13:31:35,0.07852141632258064,True,0.06930143400000001,0.07852141632258064
222,20170619T135344,2017-06-19 13:53:44,0.07331782736787565,True,0.07331782736787565,0.074977875
223,20170620T132753,2017-06-20 13:27:53,0.07765819675813952,True,0.07765819675813952,0.07765819675813952
224,20170623T135002,2017-06-23 13:50:02,,False,False,False
225,20170624T132411,2017-06-24 13:24:11,,False,False,False
226,20170626T141211,2017-06-26 14:12:11,,False,False,False
227,20170627T134621,2017-06-27 13:46:21,0.07934581438623853,True,0.07934581438623853,0.14759973
228,20170630T140829,2017-06-30 14:08:29,,False,False,False
229,20170701T134239,2017-07-01 13:42:39,,False,False,False
230,20170704T140447,2017-07-04 14:04:47,,False,False,False
231,20170705T133856,2017-07-05 13:38:56,0.08991748592586751,True,0.042677085999999996,0.14115421
232,20170708T140105,2017-07-08 14:01:05,0.08260498166942148,True,0.08260498166942148,0.08260498166942148
233,20170709T133514,2017-07-09 13:35:14,0.09581644582608695,True,0.07360455,0.097683646
234,20170712T135723,2017-07-12 13:57:23,0.08059194709765626,True,0.05879086,0.08206427
235,20170713T133132,2017-07-13 13:31:32,0.09219617324495678,True,0.09219617324495678,0.09219617324495678
236,20170716T135341,2017-07-16 13:53:41,0.08604314272519084,True,0.07190161,0.08604314272519084
237,20170717T132750,2017-07-17 13:27:50,0.09321338462248996,True,0.09321338462248996,0.09321338462248996
238,20170720T135000,2017-07-20 13:50:00,0.08838892721109123,True,0.08774072,0.14543901
239,20170721T132409,2017-07-21 13:24:09,,False,False,False
240,20170723T141208,2017-07-23 14:12:08,,False,False,False
241,20170724T134618,2017-07-24 13:46:18,0.08817175811956524,True,0.08817175811956524,0.14221625
242,20170727T140827,2017-07-27 14:08:27,,False,False,False
243,20170728T134236,2017-07-28 13:42:36,0.09328596163000931,True,0.080068365,0.09526658
244,20170731T140445,2017-07-31 14:04:45,,False,False,False
245,20170801T133854,2017-08-01 13:38:54,0.09750126193069307,True,0.09750126193069307,0.14965057
246,20170804T140103,2017-08-04 14:01:03,,False,False,False
247,20170805T133513,2017-08-05 13:35:13,0.08491871440476192,True,0.08491871440476192,0.08491871440476192
248,20170808T135721,2017-08-08 13:57:21,0.08588286822411616,True,0.058845792,0.08588286822411616
249,20170809T133131,2017-08-09 13:31:31,,False,False,False
250,20170812T135339,2017-08-12 13:53:39,0.0784245566780822,True,0.0784245566780822,0.08153325
251,20170813T132748,2017-08-13 13:27:48,0.0928589667327189,True,0.0928589667327189,0.09649342
252,20170816T134957,2017-08-16 13:49:57,0.0792166733291327,True,0.0792166733291327,0.13434248
253,20170817T132406,2017-08-17 13:24:06,,False,False,False
254,20170819T141214,2017-08-19 14:12:14,,False,False,False
255,20170820T134615,2017-08-20 13:46:15,0.08187182235627531,True,0.060127567,0.08187182235627531
256,20170823T140654,2017-08-23 14:06:54,,False,False,False
257,20170823T140854,2017-08-23 14:08:54,,False,False,False
258,20170824T134250,2017-08-24 13:42:50,0.08271153175098814,True,0.06049379,0.08431654
259,20170827T140336,2017-08-27 14:03:36,,False,False,False
260,20170828T133732,2017-08-28 13:37:32,0.07983032,False,False,False
261,20170831T140019,2017-08-31 14:00:19,,False,False,False
262,20170901T133415,2017-09-01 13:34:15,0.13475449,False,False,False
263,20170904T135702,2017-09-04 13:57:02,0.07137247510303031,True,0.07137247510303031,0.12410657
264,20170905T133058,2017-09-05 13:30:58,,False,False,False
265,20170908T135346,2017-09-08 13:53:46,,False,False,False
266,20170909T132743,2017-09-09 13:27:43,,False,False,False
267,20170912T134832,2017-09-12 13:48:32,,False,False,False
268,20170913T132429,2017-09-13 13:24:29,,False,False,False
269,20170915T141122,2017-09-15 14:11:22,,False,False,False
270,20170916T134518,2017-09-16 13:45:18,0.14520325875,True,0.14507279,0.14520325875
271,20170919T140808,2017-09-19 14:08:08,,False,False,False
272,20170920T134204,2017-09-20 13:42:04,0.11272507071714286,True,0.09513839999999998,0.12974639
273,20170923T140454,2017-09-23 14:04:54,,False,False,False
274,20170924T133851,2017-09-24 13:38:51,,False,False,False
275,20170927T135940,2017-09-27 13:59:40,,False,False,False
276,20170928T133537,2017-09-28 13:35:37,0.13564538715384614,True,0.10630818,0.14234443
277,20171001T135626,2017-10-01 13:56:26,0.12269358613375796,True,0.10729698,0.14494461
278,20171002T133023,2017-10-02 13:30:23,0.11166112333333333,False,False,False
279,20171005T135312,2017-10-05 13:53:12,0.12965808003105592,True,0.099276714,0.13934141
280,20171006T132709,2017-10-06 13:27:09,,False,False,False
281,20171009T134957,2017-10-09 13:49:57,0.11571446864444446,True,0.08905911400000001,0.14333324
282,20171010T132354,2017-10-10 13:23:54,,False,False,False
283,20171012T141046,2017-10-12 14:10:46,,False,False,False
284,20171013T134642,2017-10-13 13:46:42,,False,False,False
285,20171016T140730,2017-10-16 14:07:30,,False,False,False
286,20171017T134126,2017-10-17 13:41:26,0.13850445388311688,True,0.111014135,0.15115207
287,20171020T140413,2017-10-20 14:04:13,,False,False,False
288,20171021T133809,2017-10-21 13:38:09,0.11460633841842104,True,0.0906888,0.1501999
289,20171024T140056,2017-10-24 14:00:56,,False,False,False
290,20171025T133451,2017-10-25 13:34:51,,False,False,False
291,20171028T135737,2017-10-28 13:57:37,0.10505241777722772,True,0.09640187,0.13701591
292,20171029T133132,2017-10-29 13:31:32,0.12311777272727274,True,0.11240578,0.13399456
293,20171101T135217,2017-11-01 13:52:17,0.11767036837662337,True,0.11515244,0.16556291
294,20171102T132812,2017-11-02 13:28:12,,False,False,False
295,20171105T134856,2017-11-05 13:48:56,0.11481432630232558,True,0.11361431,0.15168309
296,20171106T132251,2017-11-06 13:22:51,,False,False,False
297,20171108T141139,2017-11-08 14:11:39,,False,False,False
298,20171109T134534,2017-11-09 13:45:34,0.12533222432608696,True,0.10993378,0.15078585
299,20171112T140816,2017-11-12 14:08:16,,False,False,False
300,20171113T134210,2017-11-13 13:42:10,0.12297521723926381,True,0.11077609,0.15281838
301,20171116T140451,2017-11-16 14:04:51,,False,False,False
302,20171117T133844,2017-11-17 13:38:44,,False,False,False
303,20171120T140124,2017-11-20 14:01:24,,False,False,False
304,20171121T133517,2017-11-21 13:35:17,,False,False,False
305,20171124T135555,2017-11-24 13:55:55,0.12632617365432097,True,0.10740685,0.14210638
306,20171125T133148,2017-11-25 13:31:48,,False,False,False
307,20171128T135225,2017-11-28 13:52:25,,False,False,False
308,20171129T132617,2017-11-29 13:26:17,,False,False,False
309,20171129T132725,2017-11-29 13:27:25,,False,False,False
310,20171129T132817,2017-11-29 13:28:17,,False,False,False
311,20171202T134951,2017-12-02 13:49:51,0.17070834,False,False,False
312,20171203T132340,2017-12-03 13:23:40,,False,False,False
313,20171205T141218,2017-12-05 14:12:18,,False,False,False
314,20171206T134607,2017-12-06 13:46:07,0.1706003997368421,True,0.16953643,0.1706003997368421
315,20171209T140833,2017-12-09 14:08:33,,False,False,False
316,20171210T134222,2017-12-10 13:42:22,,False,False,False
317,20171213T140449,2017-12-13 14:04:49,,False,False,False
318,20171214T133838,2017-12-14 13:38:38,,False,False,False
319,20171217T140104,2017-12-17 14:01:04,,False,False,False
320,20171218T133454,2017-12-18 13:34:54,,False,False,False
321,20171221T135720,2017-12-21 13:57:20,0.13840983568749998,True,0.118027285,0.17947936
322,20171222T133109,2017-12-22 13:31:09,,False,False,False
323,20171225T135336,2017-12-25 13:53:36,,False,False,False
324,20171226T132725,2017-12-26 13:27:25,,False,False,False
325,20171229T134951,2017-12-29 13:49:51,,False,False,False
326,20171230T132340,2017-12-30 13:23:40,,False,False,False
327,20180101T141218,2018-01-01 14:12:18,,False,False,False
328,20180102T134607,2018-01-02 13:46:07,0.20136113,False,False,False
329,20180105T140833,2018-01-05 14:08:33,,False,False,False
330,20180106T134222,2018-01-06 13:42:22,0.096227915,False,False,False
331,20180109T140449,2018-01-09 14:04:49,,False,False,False
332,20180110T133838,2018-01-10 13:38:38,0.16984161166666667,True,0.16984161166666667,0.16984161166666667
333,20180113T140104,2018-01-13 14:01:04,,False,False,False
334,20180114T133454,2018-01-14 13:34:54,,False,False,False
335,20180117T135720,2018-01-17 13:57:20,0.13009979835000002,True,0.098782316,0.13009979835000002
336,20180118T133109,2018-01-18 13:31:09,,False,False,False
337,20180121T135336,2018-01-21 13:53:36,0.15666372042857143,True,0.15666372042857143,0.15999635
338,20180122T132725,2018-01-22 13:27:25,0.18819545,False,False,False
339,20180125T134951,2018-01-25 13:49:51,0.12353559975757578,True,0.10786462599999999,0.16069217
340,20180126T132340,2018-01-26 13:23:40,,False,False,False
341,20180128T141218,2018-01-28 14:12:18,,False,False,False
342,20180129T134607,2018-01-29 13:46:07,0.16262202333333337,True,0.16262202333333337,0.16285287
343,20180201T140833,2018-02-01 14:08:33,,False,False,False
344,20180202T134222,2018-02-02 13:42:22,,False,False,False
345,20180205T140449,2018-02-05 14:04:49,,False,False,False
346,20180206T133838,2018-02-06 13:38:38,,False,False,False
347,20180209T140104,2018-02-09 14:01:04,,False,False,False
348,20180210T133454,2018-02-10 13:34:54,,False,False,False
349,20180213T135720,2018-02-13 13:57:20,,False,False,False
350,20180214T133109,2018-02-14 13:31:09,,False,False,False
351,20180217T135336,2018-02-17 13:53:36,0.1363914944,True,0.1363914944,0.13946960000000003
352,20180218T132725,2018-02-18 13:27:25,,False,False,False
353,20180221T134951,2018-02-21 13:49:51,0.189266645,False,False,False
354,20180222T132340,2018-02-22 13:23:40,,False,False,False
355,20180224T141218,2018-02-24 14:12:18,,False,False,False
356,20180225T134607,2018-02-25 13:46:07,0.16968292,False,False,False
357,20180228T140833,2018-02-28 14:08:33,,False,False,False
358,20180301T134222,2018-03-01 13:42:22,0.12361432244719688,True,0.10308542,0.21987365
359,20180304T140449,2018-03-04 14:04:49,,False,False,False
360,20180305T133838,2018-03-05 13:38:38,,False,False,False
361,20180308T140105,2018-03-08 14:01:05,,False,False,False
362,20180309T133454,2018-03-09 13:34:54,,False,False,False
363,20180312T135720,2018-03-12 13:57:20,0.13932696348795182,True,0.13932696348795182,0.14765465
364,20180313T133109,2018-03-13 13:31:09,,False,False,False
365,20180316T135336,2018-03-16 13:53:36,,False,False,False
366,20180320T134951,2018-03-20 13:49:51,0.1235299110447761,True,0.11553697,0.15944701
367,20180321T132340,2018-03-21 13:23:40,,False,False,False
368,20180323T141218,2018-03-23 14:12:18,,False,False,False
369,20180324T134607,2018-03-24 13:46:07,,False,False,False
370,20180327T140833,2018-03-27 14:08:33,,False,False,False
371,20180328T134222,2018-03-28 13:42:22,0.169966745,False,False,False
372,20180331T140449,2018-03-31 14:04:49,,False,False,False
373,20180401T133838,2018-04-01 13:38:38,0.15326108641176472,True,0.15326108641176472,0.16102177
374,20180404T140105,2018-04-04 14:01:05,,False,False,False
375,20180405T133454,2018-04-05 13:34:54,,False,False,False
376,20180408T135720,2018-04-08 13:57:20,,False,False,False
377,20180409T133109,2018-04-09 13:31:09,,False,False,False
378,20180412T135336,2018-04-12 13:53:36,,False,False,False
379,20180413T132725,2018-04-13 13:27:25,,False,False,False
380,20180416T134951,2018-04-16 13:49:51,0.12083987349999999,True,0.11077609,0.12083987349999999
381,20180417T132340,2018-04-17 13:23:40,,False,False,False
382,20180419T141218,2018-04-19 14:12:18,,False,False,False
383,20180420T134607,2018-04-20 13:46:07,0.13705486304255318,True,0.11612293,0.16197394
384,20180423T140833,2018-04-23 14:08:33,,False,False,False
385,20180424T134222,2018-04-24 13:42:22,0.15866520391304348,True,0.15866520391304348,0.16378674
386,20180427T140449,2018-04-27 14:04:49,,False,False,False
387,20180428T133838,2018-04-28 13:38:38,,False,False,False
388,20180501T140105,2018-05-01 14:01:05,0.1241245900967742,True,0.12121342,0.1241245900967742
389,20180502T133454,2018-05-02 13:34:54,0.12844567871651089,True,0.12516862,0.14664754
390,20180505T135720,2018-05-05 13:57:20,,False,False,False
391,20180506T133109,2018-05-06 13:31:09,,False,False,False
392,20180509T135336,2018-05-09 13:53:36,0.12220203886274508,True,0.093728445,0.12220203886274508
393,20180510T132725,2018-05-10 13:27:25,,False,False,False
394,20180513T134951,2018-05-13 13:49:51,0.12304306368,True,0.12304306368,0.12599261
395,20180514T132340,2018-05-14 13:23:40,,False,False,False
396,20180516T141218,2018-05-16 14:12:18,,False,False,False
397,20180517T134607,2018-05-17 13:46:07,0.12940687595833333,True,0.09123814,0.13985412
398,20180520T140833,2018-05-20 14:08:33,,False,False,False
399,20180521T134222,2018-05-21 13:42:22,0.11493617973965041,True,0.07631458,0.1620838
400,20180524T140449,2018-05-24 14:04:49,,False,False,False
401,20180525T133838,2018-05-25 13:38:38,0.129343545,False,False,False
402,20180528T140105,2018-05-28 14:01:05,,False,False,False
403,20180529T133454,2018-05-29 13:34:54,0.144331185,False,False,False
404,20180601T135720,2018-06-01 13:57:20,0.09824479973408239,True,0.09824479973408239,0.15355083
405,20180602T133109,2018-06-02 13:31:09,0.10327928706408344,True,0.090871915,0.105246134
406,20180605T135336,2018-06-05 13:53:36,,False,False,False
407,20180606T132725,2018-06-06 13:27:25,,False,False,False
408,20180609T134951,2018-06-09 13:49:51,0.09643656010948082,True,0.09643656010948082,0.15963012
409,20180610T132340,2018-06-10 13:23:40,,False,False,False
410,20180612T141218,2018-06-12 14:12:18,,False,False,False
411,20180613T134607,2018-06-13 13:46:07,0.09374686730058651,True,0.09374686730058651,0.09374686730058651
412,20180616T140833,2018-06-16 14:08:33,,False,False,False
413,20180617T134223,2018-06-17 13:42:23,0.10717617962686568,True,0.10717617962686568,0.16255989999999998
414,20180620T140449,2018-06-20 14:04:49,,False,False,False
415,20180621T133838,2018-06-21 13:38:38,0.095696893,False,False,False
416,20180624T140105,2018-06-24 14:01:05,0.08167988556052631,True,0.06536455,0.13249306
417,20180625T133454,2018-06-25 13:34:54,0.08515824263938619,True,0.07230446,0.08515824263938619
418,20180628T135720,2018-06-28 13:57:20,0.08175510936677116,True,0.07332987,0.081917785
419,20180629T133109,2018-06-29 13:31:09,0.09995945728571429,True,0.09995945728571429,0.09995945728571429
420,20180702T135336,2018-07-02 13:53:36,0.07832124454156171,True,0.07832124454156171,0.07928099
421,20180703T132725,2018-07-03 13:27:25,0.09368196823076923,True,0.09368196823076923,0.09368196823076923
422,20180706T134951,2018-07-06 13:49:51,0.07888826195461912,True,0.05798517,0.07888826195461912
423,20180707T132340,2018-07-07 13:23:40,,False,False,False
424,20180709T141218,2018-07-09 14:12:18,,False,False,False
425,20180710T134607,2018-07-10 13:46:07,,False,False,False
426,20180713T140833,2018-07-13 14:08:33,,False,False,False
427,20180714T134223,2018-07-14 13:42:23,0.07424804802197801,True,0.06393628,0.07424804802197801
428,20180717T140449,2018-07-17 14:04:49,,False,False,False
429,20180718T133838,2018-07-18 13:38:38,0.0906263086956522,True,0.06402784,0.0906263086956522
430,20180721T140105,2018-07-21 14:01:05,0.0718256193,True,0.071279034,0.0718256193
431,20180722T133454,2018-07-22 13:34:54,0.07830582244148936,True,0.06770836599999999,0.07955565
432,20180725T135720,2018-07-25 13:57:20,0.07133946844827585,True,0.070986055,0.07133946844827585
433,20180726T133109,2018-07-26 13:31:09,0.08085809625721783,True,0.08085809625721783,0.13406782
434,20180729T135336,2018-07-29 13:53:36,0.06818235833890214,True,0.04850001599999999,0.10564898
435,20180730T132725,2018-07-30 13:27:25,,False,False,False
436,20180802T134951,2018-08-02 13:49:51,0.0681866143986755,True,0.0681866143986755,0.13198034
437,20180803T132340,2018-08-03 13:23:40,,False,False,False
438,20180805T141218,2018-08-05 14:12:18,,False,False,False
439,20180806T134607,2018-08-06 13:46:07,,False,False,False
440,20180809T140833,2018-08-09 14:08:33,,False,False,False
441,20180810T134223,2018-08-10 13:42:23,0.07063695323577238,True,0.07063695323577238,0.07257912
442,20180813T140449,2018-08-13 14:04:49,,False,False,False
443,20180814T133838,2018-08-14 13:38:38,,False,False,False
444,20180817T140105,2018-08-17 14:01:05,,False,False,False
445,20180818T133454,2018-08-18 13:34:54,0.08988618798709679,True,0.08988618798709679,0.09275796
446,20180821T135720,2018-08-21 13:57:20,,False,False,False
447,20180822T133109,2018-08-22 13:31:09,,False,False,False
448,20180825T135336,2018-08-25 13:53:36,0.07820813741304349,True,0.07820813741304349,0.14373608
449,20180826T132725,2018-08-26 13:27:25,0.07983898010810811,True,0.07951903,0.07983898010810811
450,20180829T134953,2018-08-29 13:49:53,0.08146999579054545,True,0.05717948,0.08146999579054545
451,20180830T132343,2018-08-30 13:23:43,,False,False,False
452,20180901T141220,2018-09-01 14:12:20,,False,False,False
453,20180902T134610,2018-09-02 13:46:10,0.07752216896303697,True,0.06430250400000001,0.07752216896303697
454,20180905T140837,2018-09-05 14:08:37,,False,False,False
455,20180906T134226,2018-09-06 13:42:26,0.13939684243243244,True,0.13939684243243244,0.13939684243243244
456,20180909T140453,2018-09-09 14:04:53,,False,False,False
457,20180910T133843,2018-09-10 13:38:43,0.1048224952542373,True,0.1048224952542373,0.113028355
458,20180913T140110,2018-09-13 14:01:10,,False,False,False
459,20180914T133459,2018-09-14 13:34:59,0.0985992025,False,False,False
460,20180917T135726,2018-09-17 13:57:26,0.09305556768679245,True,0.09305556768679245,0.09457076
461,20180918T133115,2018-09-18 13:31:15,0.09915058405263158,True,0.09915058405263158,0.09915058405263158
462,20180921T135342,2018-09-21 13:53:42,0.08628035606236244,True,0.08628035606236244,0.08628035606236244
463,20180922T132732,2018-09-22 13:27:32,0.09852872178301884,True,0.09852872178301884,0.09852872178301884
464,20180925T134958,2018-09-25 13:49:58,0.08731607403533025,True,0.08731607403533025,0.15347760000000002
465,20180926T132348,2018-09-26 13:23:48,,False,False,False
466,20180928T141225,2018-09-28 14:12:25,,False,False,False
467,20180929T134615,2018-09-29 13:46:15,0.08797734378076609,True,0.08797734378076609,0.120773956
468,20181002T140841,2018-10-02 14:08:41,,False,False,False
469,20181003T134231,2018-10-03 13:42:31,0.10520452149136277,True,0.10520452149136277,0.12798853
470,20181006T140457,2018-10-06 14:04:57,,False,False,False
471,20181007T133847,2018-10-07 13:38:47,0.10654344169746835,True,0.078218944,0.10654344169746835
472,20181010T140113,2018-10-10 14:01:13,,False,False,False
473,20181011T133502,2018-10-11 13:35:02,,False,False,False
474,20181014T135729,2018-10-14 13:57:29,,False,False,False
475,20181015T133118,2018-10-15 13:31:18,0.11135429952329749,True,0.10244454,0.14864345
476,20181018T135345,2018-10-18 13:53:45,0.09686430469072164,True,0.089187294,0.13778497
477,20181019T132734,2018-10-19 13:27:34,,False,False,False
478,20181022T135000,2018-10-22 13:50:00,0.10409026234606206,True,0.10259102,0.10409026234606206
479,20181023T132350,2018-10-23 13:23:50,,False,False,False
480,20181025T141227,2018-10-25 14:12:27,,False,False,False
481,20181026T134616,2018-10-26 13:46:16,0.10971076389572193,True,0.10971076389572193,0.14402905
482,20181029T140842,2018-10-29 14:08:42,,False,False,False
483,20181030T134232,2018-10-30 13:42:32,,False,False,False
484,20181102T140458,2018-11-02 14:04:58,,False,False,False
485,20181103T133847,2018-11-03 13:38:47,,False,False,False
486,20181106T140113,2018-11-06 14:01:13,,False,False,False
487,20181107T133502,2018-11-07 13:35:02,,False,False,False
488,20181110T135729,2018-11-10 13:57:29,0.11943634050769232,True,0.11943634050769232,0.14794764
489,20181111T133118,2018-11-11 13:31:18,,False,False,False
490,20181114T135344,2018-11-14 13:53:44,,False,False,False
491,20181115T132733,2018-11-15 13:27:33,,False,False,False
492,20181118T134959,2018-11-18 13:49:59,,False,False,False
493,20181119T132348,2018-11-19 13:23:48,,False,False,False
494,20181121T141225,2018-11-21 14:12:25,,False,False,False
495,20181122T134614,2018-11-22 13:46:14,,False,False,False
496,20181125T140840,2018-11-25 14:08:40,,False,False,False
497,20181126T134229,2018-11-26 13:42:29,0.16120487333333333,True,0.16114993,0.16120487333333333
498,20181129T140455,2018-11-29 14:04:55,,False,False,False
499,20181130T133844,2018-11-30 13:38:44,,False,False,False
500,20181203T140110,2018-12-03 14:01:10,,False,False,False
501,20181204T133459,2018-12-04 13:34:59,,False,False,False
502,20181207T135725,2018-12-07 13:57:25,,False,False,False
503,20181208T133114,2018-12-08 13:31:14,,False,False,False
504,20181211T135340,2018-12-11 13:53:40,0.11925413,True,0.11925413,0.1261391
505,20181212T132729,2018-12-12 13:27:29,,False,False,False
506,20181215T134955,2018-12-15 13:49:55,,False,False,False
507,20181216T132343,2018-12-16 13:23:43,,False,False,False
508,20181218T141220,2018-12-18 14:12:20,,False,False,False
509,20181219T134609,2018-12-19 13:46:09,,False,False,False
510,20181222T140836,2018-12-22 14:08:36,,False,False,False
511,20181223T134226,2018-12-23 13:42:26,0.18759118,False,False,False
512,20181226T140453,2018-12-26 14:04:53,,False,False,False
513,20181227T133842,2018-12-27 13:38:42,,False,False,False
514,20181230T140109,2018-12-30 14:01:09,,False,False,False
515,20181231T133458,2018-12-31 13:34:58,0.166985464375,True,0.166985464375,0.16889554
516,20190103T135725,2019-01-03 13:57:25,,False,False,False
517,20190104T133114,2019-01-04 13:31:14,,False,False,False
518,20190107T135341,2019-01-07 13:53:41,,False,False,False
519,20190108T132731,2019-01-08 13:27:31,,False,False,False
520,20190111T134957,2019-01-11 13:49:57,0.16204719,False,False,False
521,20190112T132347,2019-01-12 13:23:47,,False,False,False
522,20190114T141224,2019-01-14 14:12:24,,False,False,False
523,20190115T134613,2019-01-15 13:46:13,0.13980401165789472,True,0.13980401165789472,0.1487167
524,20190118T140840,2019-01-18 14:08:40,,False,False,False
525,20190119T134229,2019-01-19 13:42:29,,False,False,False
526,20190122T140456,2019-01-22 14:04:56,,False,False,False
527,20190123T133845,2019-01-23 13:38:45,,False,False,False
528,20190126T140112,2019-01-26 14:01:12,,False,False,False
529,20190127T133501,2019-01-27 13:35:01,0.13735613080357142,True,0.13258462,0.13735613080357142
530,20190130T135728,2019-01-30 13:57:28,0.08868068633333333,True,0.08868068633333333,0.09812311
531,20190131T133117,2019-01-31 13:31:17,,False,False,False
532,20190203T135343,2019-02-03 13:53:43,,False,False,False
533,20190204T132732,2019-02-04 13:27:32,,False,False,False
534,20190207T134959,2019-02-07 13:49:59,0.13086776553333332,True,0.11767937,0.13086776553333332
535,20190208T132348,2019-02-08 13:23:48,,False,False,False
536,20190210T141225,2019-02-10 14:12:25,,False,False,False
537,20190211T134615,2019-02-11 13:46:15,0.16550225875000002,True,0.16550225875000002,0.1737846
538,20190214T140841,2019-02-14 14:08:41,,False,False,False
539,20190215T134230,2019-02-15 13:42:30,,False,False,False
540,20190218T140457,2019-02-18 14:04:57,,False,False,False
541,20190219T133846,2019-02-19 13:38:46,,False,False,False
542,20190222T140112,2019-02-22 14:01:12,0.11515177300000001,True,0.105960265,0.12108524
543,20190223T133501,2019-02-23 13:35:01,,False,False,False
544,20190226T135727,2019-02-26 13:57:27,0.1197526252361809,True,0.08821680400000001,0.1197526252361809
545,20190227T133116,2019-02-27 13:31:16,,False,False,False
546,20190302T135342,2019-03-02 13:53:42,0.12422393140909092,True,0.09750054,0.13302408
547,20190303T132731,2019-03-03 13:27:31,,False,False,False
548,20190306T134957,2019-03-06 13:49:57,0.10248085249791666,True,0.08085574,0.121433154
549,20190307T132346,2019-03-07 13:23:46,,False,False,False
550,20190309T141223,2019-03-09 14:12:23,,False,False,False
551,20190310T134612,2019-03-10 13:46:12,0.1174520039122807,True,0.114877775,0.14800256
552,20190313T140838,2019-03-13 14:08:38,,False,False,False
553,20190314T134227,2019-03-14 13:42:27,0.11473494988461537,True,0.11332133400000001,0.14611652
554,20190317T140455,2019-03-17 14:04:55,,False,False,False
555,20190318T133844,2019-03-18 13:38:44,0.10046440825633804,True,0.10046440825633804,0.10046440825633804
556,20190319T141408,2019-03-19 14:14:08,,False,False,False
557,20190320T134757,2019-03-20 13:47:57,,False,False,False
558,20190321T140111,2019-03-21 14:01:11,,False,False,False
559,20190322T133501,2019-03-22 13:35:01,,False,False,False
560,20190323T141024,2019-03-23 14:10:24,,False,False,False
561,20190324T134413,2019-03-24 13:44:13,0.11457106499999999,True,0.11457106499999999,0.13710746
562,20190325T135728,2019-03-25 13:57:28,,False,False,False
563,20190326T133117,2019-03-26 13:31:17,0.1030489773884892,True,0.10282907,0.14166692
564,20190327T140640,2019-03-27 14:06:40,,False,False,False
565,20190328T134029,2019-03-28 13:40:29,0.09717058422420907,True,0.09550463,0.15649892
566,20190329T135344,2019-03-29 13:53:44,,False,False,False
567,20190330T132734,2019-03-30 13:27:34,,False,False,False
568,20190331T140256,2019-03-31 14:02:56,,False,False,False
569,20190401T133645,2019-04-01 13:36:45,0.09586999461864407,True,0.086880095,0.09660329
570,20190402T135001,2019-04-02 13:50:01,0.10028992853153151,True,0.10028992853153151,0.10198676
571,20190403T132350,2019-04-03 13:23:50,,False,False,False
572,20190404T135911,2019-04-04 13:59:11,,False,False,False
573,20190405T133300,2019-04-05 13:33:00,,False,False,False
574,20190405T141228,2019-04-05 14:12:28,,False,False,False
575,20190406T134617,2019-04-06 13:46:17,0.09110818875268817,True,0.09110818875268817,0.14382763
576,20190408T135527,2019-04-08 13:55:27,,False,False,False
577,20190409T132916,2019-04-09 13:29:16,,False,False,False
578,20190409T140844,2019-04-09 14:08:44,,False,False,False
579,20190410T134233,2019-04-10 13:42:33,0.0973591343034188,True,0.0973591343034188,0.09940489400000001
580,20190412T135143,2019-04-12 13:51:43,,False,False,False
581,20190413T132532,2019-04-13 13:25:32,0.0956553733372093,True,0.0956553733372093,0.0956553733372093
582,20190413T140500,2019-04-13 14:05:00,,False,False,False
583,20190414T133849,2019-04-14 13:38:49,0.1019370715497076,True,0.1019370715497076,0.12740257
584,20190415T141409,2019-04-15 14:14:09,,False,False,False
585,20190416T134758,2019-04-16 13:47:58,0.08400731990117646,True,0.08400731990117646,0.128428
586,20190417T140116,2019-04-17 14:01:16,,False,False,False
587,20190418T133506,2019-04-18 13:35:06,0.09095029676626015,True,0.09095029676626015,0.111471914
588,20190419T141025,2019-04-19 14:10:25,,False,False,False
589,20190420T134414,2019-04-20 13:44:14,,False,False,False
590,20190421T135732,2019-04-21 13:57:32,,False,False,False
591,20190422T133122,2019-04-22 13:31:22,,False,False,False
592,20190423T140640,2019-04-23 14:06:40,,False,False,False
593,20190424T134029,2019-04-24 13:40:29,,False,False,False
594,20190425T135348,2019-04-25 13:53:48,0.08739782682258065,True,0.08387707,0.14565875
595,20190426T132738,2019-04-26 13:27:38,,False,False,False
596,20190427T140255,2019-04-27 14:02:55,,False,False,False
597,20190428T133644,2019-04-28 13:36:44,,False,False,False
598,20190429T135004,2019-04-29 13:50:04,,False,False,False
599,20190430T132354,2019-04-30 13:23:54,,False,False,False
600,20190501T135911,2019-05-01 13:59:11,,False,False,False
601,20190502T133300,2019-05-02 13:33:00,,False,False,False
602,20190502T141231,2019-05-02 14:12:31,,False,False,False
603,20190503T134620,2019-05-03 13:46:20,0.07383353064157706,True,0.07383353064157706,0.12930693
604,20190505T135526,2019-05-05 13:55:26,0.06572428199906542,True,0.06572428199906542,0.06572428199906542
605,20190506T132915,2019-05-06 13:29:15,0.06638841930029155,True,0.04787744,0.067159034
606,20190506T140847,2019-05-06 14:08:47,,False,False,False
607,20190507T134236,2019-05-07 13:42:36,,False,False,False
608,20190509T135141,2019-05-09 13:51:41,0.06634523416710875,True,0.036432996,0.112772
609,20190510T132530,2019-05-10 13:25:30,,False,False,False
610,20190510T140503,2019-05-10 14:05:03,,False,False,False
611,20190511T133852,2019-05-11 13:38:52,,False,False,False
612,20190512T141407,2019-05-12 14:14:07,,False,False,False
613,20190513T134756,2019-05-13 13:47:56,0.07034541383333333,True,0.07034541383333333,0.07246926
614,20190514T140118,2019-05-14 14:01:18,,False,False,False
615,20190515T133507,2019-05-15 13:35:07,,False,False,False
616,20190516T141022,2019-05-16 14:10:22,,False,False,False
617,20190517T134411,2019-05-17 13:44:11,0.0763440559375,True,0.0763440559375,0.15027314
618,20190518T135734,2019-05-18 13:57:34,0.0711552036875,True,0.0711552036875,0.07576525
619,20190519T133123,2019-05-19 13:31:23,,False,False,False
620,20190520T140637,2019-05-20 14:06:37,,False,False,False
621,20190521T134026,2019-05-21 13:40:26,0.12994782,False,False,False
622,20190522T135349,2019-05-22 13:53:49,,False,False,False
623,20190523T132739,2019-05-23 13:27:39,,False,False,False
624,20190524T140252,2019-05-24 14:02:52,,False,False,False
625,20190525T133641,2019-05-25 13:36:41,,False,False,False
626,20190526T135005,2019-05-26 13:50:05,0.06273292118913044,True,0.06273292118913044,0.06302072
627,20190527T132354,2019-05-27 13:23:54,,False,False,False
628,20190528T135906,2019-05-28 13:59:06,,False,False,False
629,20190529T133255,2019-05-29 13:32:55,0.06207377819254658,True,0.045442063,0.06435744
630,20190529T141231,2019-05-29 14:12:31,,False,False,False
631,20190530T134620,2019-05-30 13:46:20,,False,False,False
632,20190601T135521,2019-06-01 13:55:21,,False,False,False
633,20190602T132910,2019-06-02 13:29:10,0.06945739086788155,True,0.029859312000000002,0.1376568
634,20190602T140847,2019-06-02 14:08:47,,False,False,False
635,20190603T134236,2019-06-03 13:42:36,,False,False,False
636,20190605T135136,2019-06-05 13:51:36,0.06642799807692307,True,0.05285806,0.06642799807692307
637,20190606T132525,2019-06-06 13:25:25,,False,False,False
638,20190606T140502,2019-06-06 14:05:02,,False,False,False
639,20190607T133851,2019-06-07 13:38:51,0.07007344017615176,True,0.07007344017615176,0.13743706
640,20190608T141402,2019-06-08 14:14:02,,False,False,False
641,20190609T134751,2019-06-09 13:47:51,0.07616962435416667,True,0.072798856,0.14067812
642,20190610T140117,2019-06-10 14:01:17,0.0763850446304348,True,0.076241344,0.14023866
643,20190611T133506,2019-06-11 13:35:06,0.07060868713043478,True,0.06933805,0.07395245
644,20190612T141017,2019-06-12 14:10:17,,False,False,False
645,20190613T134406,2019-06-13 13:44:06,0.06995213460496014,True,0.06995213460496014,0.1220008
646,20190614T135732,2019-06-14 13:57:32,0.06026524166666668,True,0.05796686,0.06026524166666668
647,20190615T133121,2019-06-15 13:31:21,,False,False,False
648,20190616T140632,2019-06-16 14:06:32,,False,False,False
649,20190617T134021,2019-06-17 13:40:21,,False,False,False
650,20190618T135348,2019-06-18 13:53:48,0.06452675157678356,True,0.042786952,0.06452675157678356
651,20190619T132737,2019-06-19 13:27:37,0.0727876529117647,True,0.0727876529117647,0.07561876599999999
652,20190620T140248,2019-06-20 14:02:48,,False,False,False
653,20190621T133637,2019-06-21 13:36:37,0.07155254340172168,True,0.069173254,0.14922939999999998
654,20190622T135004,2019-06-22 13:50:04,,False,False,False
655,20190623T132353,2019-06-23 13:23:53,,False,False,False
656,20190624T135904,2019-06-24 13:59:04,0.059727547705093836,True,0.059727547705093836,0.09336223
657,20190625T133253,2019-06-25 13:32:53,0.06198056208713693,True,0.030719932000000002,0.06492508
658,20190625T141230,2019-06-25 14:12:30,,False,False,False
659,20190626T134620,2019-06-26 13:46:20,,False,False,False
660,20190628T135520,2019-06-28 13:55:20,0.06539456117948718,True,0.06539456117948718,0.13838923
661,20190629T132909,2019-06-29 13:29:09,0.06725185227586208,True,0.065858945,0.06725185227586208
662,20190629T140846,2019-06-29 14:08:46,,False,False,False
663,20190630T134235,2019-06-30 13:42:35,0.08666035999999999,False,False,False
664,20190702T135136,2019-07-02 13:51:36,0.06472059383636364,True,0.06228828,0.07091281
665,20190703T132526,2019-07-03 13:25:26,,False,False,False
666,20190703T140502,2019-07-03 14:05:02,,False,False,False
667,20190704T133851,2019-07-04 13:38:51,0.06807288704140627,True,0.06807288704140627,0.14012879
668,20190705T141403,2019-07-05 14:14:03,,False,False,False
669,20190706T134752,2019-07-06 13:47:52,,False,False,False
670,20190707T140117,2019-07-07 14:01:17,,False,False,False
671,20190708T133506,2019-07-08 13:35:06,0.06800339767846608,True,0.06620686,0.13047884
672,20190709T141019,2019-07-09 14:10:19,,False,False,False
673,20190710T134408,2019-07-10 13:44:08,0.06953881017908081,True,0.06953881017908081,0.16942656
674,20190711T135733,2019-07-11 13:57:33,,False,False,False
675,20190712T133122,2019-07-12 13:31:22,0.07554091113163973,True,0.07441023,0.11696524
676,20190713T140635,2019-07-13 14:06:35,,False,False,False
677,20190714T134024,2019-07-14 13:40:24,0.06927819435092349,True,0.04921415,0.06927819435092349
678,20190715T135348,2019-07-15 13:53:48,0.06643006011471322,True,0.06643006011471322,0.06721397
679,20190716T132737,2019-07-16 13:27:37,0.07662779137238494,True,0.07662779137238494,0.07662779137238494
680,20190717T140251,2019-07-17 14:02:51,,False,False,False
681,20190718T133640,2019-07-18 13:36:40,0.07106636246666667,True,0.07076632,0.07106636246666667
682,20190719T135004,2019-07-19 13:50:04,0.07100160790384615,True,0.06844081,0.1338664
683,20190720T132353,2019-07-20 13:23:53,,False,False,False
684,20190721T135907,2019-07-21 13:59:07,0.06563537013101331,True,0.03614002,0.065730765
685,20190722T133256,2019-07-22 13:32:56,0.07438565223873873,True,0.07438565223873873,0.07653432
686,20190722T141230,2019-07-22 14:12:30,,False,False,False
687,20190723T134619,2019-07-23 13:46:19,0.07137937272072072,True,0.058204904,0.07137937272072072
688,20190725T135522,2019-07-25 13:55:22,0.06797737220141342,True,0.06797737220141342,0.06797737220141342
689,20190726T132912,2019-07-26 13:29:12,0.07689792661428572,True,0.060896635,0.07689792661428572
690,20190726T140845,2019-07-26 14:08:45,,False,False,False
691,20190727T134234,2019-07-27 13:42:34,,False,False,False
692,20190729T135138,2019-07-29 13:51:38,,False,False,False
693,20190730T132527,2019-07-30 13:25:27,0.07267067719444445,True,0.07122410000000001,0.07267067719444445
694,20190730T140500,2019-07-30 14:05:00,,False,False,False
695,20190731T133849,2019-07-31 13:38:49,0.07644964173041476,True,0.05421308,0.07644964173041476
696,20190801T141405,2019-08-01 14:14:05,,False,False,False
697,20190802T134754,2019-08-02 13:47:54,0.07114363586652978,True,0.07114363586652978,0.07148045
698,20190803T140115,2019-08-03 14:01:15,0.10557573,False,False,False
699,20190804T133504,2019-08-04 13:35:04,,False,False,False
700,20190805T141020,2019-08-05 14:10:20,,False,False,False
701,20190806T134409,2019-08-06 13:44:09,0.06830840422253522,True,0.05496384,0.07018036400000001
702,20190807T135730,2019-08-07 13:57:30,0.07843959957428571,True,0.07843959957428571,0.14049502
703,20190808T133119,2019-08-08 13:31:19,0.09038350214762741,True,0.045844905,0.15098728
704,20190809T140636,2019-08-09 14:06:36,,False,False,False
705,20190810T134025,2019-08-10 13:40:25,0.08357088735955057,True,0.08357088735955057,0.108871736
706,20190811T135345,2019-08-11 13:53:45,0.07667819589425051,True,0.054451127,0.07667819589425051
707,20190812T132734,2019-08-12 13:27:34,0.08399777736734694,True,0.08399777736734694,0.08399777736734694
708,20190813T140251,2019-08-13 14:02:51,,False,False,False
709,20190814T133640,2019-08-14 13:36:40,,False,False,False
710,20190815T135000,2019-08-15 13:50:00,,False,False,False
711,20190816T132349,2019-08-16 13:23:49,,False,False,False
712,20190817T135907,2019-08-17 13:59:07,,False,False,False
713,20190818T133256,2019-08-18 13:32:56,0.08044991767209012,True,0.05901059,0.1517014
714,20190818T141226,2019-08-18 14:12:26,,False,False,False
715,20190819T134615,2019-08-19 13:46:15,0.07401670372180451,True,0.07259743,0.07401670372180451
716,20190821T135522,2019-08-21 13:55:22,0.07211598145119306,True,0.07211598145119306,0.13128452
717,20190822T132911,2019-08-22 13:29:11,0.07769605829629629,True,0.07769605829629629,0.07769605829629629
718,20190822T140841,2019-08-22 14:08:41,,False,False,False
719,20190823T134230,2019-08-23 13:42:30,0.0779870559150838,True,0.0776513,0.0779870559150838
720,20190825T135137,2019-08-25 13:51:37,0.07357136673811834,True,0.07357136673811834,0.07357136673811834
721,20190826T132526,2019-08-26 13:25:26,0.062709436,False,False,False
722,20190826T140456,2019-08-26 14:04:56,,False,False,False
723,20190827T133845,2019-08-27 13:38:45,0.07499598556060606,True,0.07499598556060606,0.07499598556060606
724,20190828T141403,2019-08-28 14:14:03,,False,False,False
725,20190829T134752,2019-08-29 13:47:52,0.06642896414237288,True,0.06642896414237288,0.06642896414237288
726,20190830T140112,2019-08-30 14:01:12,,False,False,False
727,20190831T133501,2019-08-31 13:35:01,0.07959955784090908,True,0.07959955784090908,0.07959955784090908
728,20190901T141019,2019-09-01 14:10:19,,False,False,False
729,20190902T134408,2019-09-02 13:44:08,0.07683038239019191,True,0.07683038239019191,0.07807245
730,20190903T135728,2019-09-03 13:57:28,0.07116555407671234,True,0.07116555407671234,0.09722587
731,20190904T133117,2019-09-04 13:31:17,,False,False,False
732,20190905T140635,2019-09-05 14:06:35,,False,False,False
733,20190906T134024,2019-09-06 13:40:24,0.08121722786206896,True,0.08096561,0.08121722786206896
734,20190907T135344,2019-09-07 13:53:44,0.11169165,False,False,False
735,20190908T132733,2019-09-08 13:27:33,0.07991365857692309,True,0.07991365857692309,0.08043458
736,20190909T140250,2019-09-09 14:02:50,,False,False,False
737,20190910T133639,2019-09-10 13:36:39,0.07011625722022471,True,0.07011625722022471,0.07011625722022471
738,20190911T135000,2019-09-11 13:50:00,0.07306851175191165,True,0.07306851175191165,0.07306851175191165
739,20190912T132349,2019-09-12 13:23:49,,False,False,False
740,20190913T135906,2019-09-13 13:59:06,,False,False,False
741,20190914T133255,2019-09-14 13:32:55,0.07537816544186046,True,0.07537816544186046,0.07701041
742,20190914T141227,2019-09-14 14:12:27,,False,False,False
743,20190915T134616,2019-09-15 13:46:16,,False,False,False
744,20190917T135521,2019-09-17 13:55:21,0.06730165553689567,True,0.06681112,0.13025911
745,20190918T132910,2019-09-18 13:29:10,0.07691981814035087,True,0.07602161,0.07691981814035087
746,20190918T140843,2019-09-18 14:08:43,,False,False,False
747,20190919T134232,2019-09-19 13:42:32,0.07659157349056603,True,0.07659157349056603,0.07885983
748,20190921T135136,2019-09-21 13:51:36,0.08127955088896276,True,0.052308727,0.08127955088896276
749,20190922T132525,2019-09-22 13:25:25,,False,False,False
750,20190922T140459,2019-09-22 14:04:59,,False,False,False
751,20190923T133848,2019-09-23 13:38:48,,False,False,False
752,20190924T141403,2019-09-24 14:14:03,,False,False,False
753,20190925T134752,2019-09-25 13:47:52,0.08259360497207305,True,0.07955565,0.14503616
754,20190926T140115,2019-09-26 14:01:15,,False,False,False
755,20190927T133504,2019-09-27 13:35:04,0.10392685777316293,True,0.10392685777316293,0.10392685777316293
756,20190928T141018,2019-09-28 14:10:18,,False,False,False
757,20190929T134407,2019-09-29 13:44:07,0.10140298230654762,True,0.10140298230654762,0.11350445
758,20190930T135731,2019-09-30 13:57:31,,False,False,False
759,20191001T133120,2019-10-01 13:31:20,,False,False,False
760,20191002T140633,2019-10-02 14:06:33,,False,False,False
761,20191003T134022,2019-10-03 13:40:22,,False,False,False
762,20191004T135347,2019-10-04 13:53:47,0.09631432384615385,True,0.09105503,0.13511156
763,20191005T132736,2019-10-05 13:27:36,,False,False,False
764,20191006T140248,2019-10-06 14:02:48,,False,False,False
765,20191007T133637,2019-10-07 13:36:37,0.10123831074358974,True,0.10123831074358974,0.15979493
766,20191008T135003,2019-10-08 13:50:03,0.10736138830995791,True,0.10736138830995791,0.10736138830995791
767,20191009T132352,2019-10-09 13:23:52,,False,False,False
768,20191010T135903,2019-10-10 13:59:03,,False,False,False
769,20191011T133252,2019-10-11 13:32:52,,False,False,False
770,20191011T141229,2019-10-11 14:12:29,,False,False,False
771,20191012T134618,2019-10-12 13:46:18,0.14799867127659572,True,0.10464187,0.15351420000000002
772,20191014T135517,2019-10-14 13:55:17,,False,False,False
773,20191015T132906,2019-10-15 13:29:06,,False,False,False
774,20191015T140845,2019-10-15 14:08:45,,False,False,False
775,20191016T134234,2019-10-16 13:42:34,0.11830936898000001,True,0.11553697,0.14249092
776,20191018T135133,2019-10-18 13:51:33,0.09646141355549066,True,0.094112985,0.13769342
777,20191019T132522,2019-10-19 13:25:22,,False,False,False
778,20191019T140500,2019-10-19 14:05:00,,False,False,False
779,20191020T133849,2019-10-20 13:38:49,,False,False,False
780,20191022T134749,2019-10-22 13:47:49,0.11463352877462793,True,0.076241344,0.1538072
781,20191023T140116,2019-10-23 14:01:16,,False,False,False
782,20191024T133505,2019-10-24 13:35:05,0.15143360875,True,0.15143360875,0.16928007
783,20191025T141016,2019-10-25 14:10:16,,False,False,False
784,20191026T134406,2019-10-26 13:44:06,,False,False,False
785,20191027T135731,2019-10-27 13:57:31,,False,False,False
786,20191028T133120,2019-10-28 13:31:20,,False,False,False
787,20191029T140633,2019-10-29 14:06:33,,False,False,False
788,20191030T134022,2019-10-30 13:40:22,0.1391766125,True,0.1391766125,0.16036256
789,20191031T135347,2019-10-31 13:53:47,0.12460379578348627,True,0.10116276,0.1389935
790,20191101T132736,2019-11-01 13:27:36,,False,False,False
791,20191102T140249,2019-11-02 14:02:49,,False,False,False
792,20191103T133638,2019-11-03 13:36:38,0.16028874781250002,True,0.1577624,0.16028874781250002
793,20191104T135002,2019-11-04 13:50:02,0.13212971638482382,True,0.10707725,0.13575244
794,20191105T132351,2019-11-05 13:23:51,,False,False,False
795,20191106T135905,2019-11-06 13:59:05,,False,False,False
796,20191107T133255,2019-11-07 13:32:55,,False,False,False
797,20191107T141228,2019-11-07 14:12:28,,False,False,False
798,20191108T134617,2019-11-08 13:46:17,0.15157905909090907,True,0.12273324,0.16191901
799,20191110T135522,2019-11-10 13:55:22,,False,False,False
800,20191111T132911,2019-11-11 13:29:11,,False,False,False
801,20191111T140843,2019-11-11 14:08:43,,False,False,False
802,20191112T134232,2019-11-12 13:42:32,,False,False,False
803,20191114T135138,2019-11-14 13:51:38,,False,False,False
804,20191115T132527,2019-11-15 13:25:27,,False,False,False
805,20191115T140458,2019-11-15 14:04:58,,False,False,False
806,20191116T133847,2019-11-16 13:38:47,,False,False,False
807,20191118T134754,2019-11-18 13:47:54,,False,False,False
808,20191119T140113,2019-11-19 14:01:13,,False,False,False
809,20191120T133502,2019-11-20 13:35:02,,False,False,False
810,20191121T141020,2019-11-21 14:10:20,,False,False,False
811,20191122T134409,2019-11-22 13:44:09,,False,False,False
812,20191123T135728,2019-11-23 13:57:28,,False,False,False
813,20191124T133117,2019-11-24 13:31:17,0.14933415924731183,True,0.14933415924731183,0.15009004
814,20191125T140636,2019-11-25 14:06:36,,False,False,False
815,20191126T134025,2019-11-26 13:40:25,0.14373194451612906,True,0.11495102,0.15287332
816,20191127T135343,2019-11-27 13:53:43,,False,False,False
817,20191128T132732,2019-11-28 13:27:32,,False,False,False
818,20191129T140252,2019-11-29 14:02:52,,False,False,False
819,20191130T133641,2019-11-30 13:36:41,,False,False,False
820,20191201T134958,2019-12-01 13:49:58,0.13010346266666667,True,0.11480453,0.15917234
821,20191202T132347,2019-12-02 13:23:47,,False,False,False
822,20191203T135907,2019-12-03 13:59:07,,False,False,False
823,20191204T133256,2019-12-04 13:32:56,,False,False,False
824,20191204T141224,2019-12-04 14:12:24,,False,False,False
825,20191205T134613,2019-12-05 13:46:13,0.17843562,False,False,False
826,20191207T135523,2019-12-07 13:55:23,0.1438229091612903,True,0.12207404,0.17380291
827,20191208T132912,2019-12-08 13:29:12,,False,False,False
828,20191208T140839,2019-12-08 14:08:39,,False,False,False
829,20191209T134228,2019-12-09 13:42:28,0.16418609619047617,True,0.16158941,0.16418609619047617
830,20191211T135138,2019-12-11 13:51:38,0.1765679,False,False,False
831,20191212T132527,2019-12-12 13:25:27,,False,False,False
832,20191212T140454,2019-12-12 14:04:54,,False,False,False
833,20191213T133844,2019-12-13 13:38:44,0.1595119829032258,True,0.1595119829032258,0.1595119829032258
834,20191215T134754,2019-12-15 13:47:54,0.12580468673684211,True,0.10965911,0.12580468673684211
835,20191216T140111,2019-12-16 14:01:11,,False,False,False
836,20191217T133500,2019-12-17 13:35:00,0.18900113,False,False,False
837,20191218T141020,2019-12-18 14:10:20,,False,False,False
838,20191219T134409,2019-12-19 13:44:09,,False,False,False
839,20191220T135727,2019-12-20 13:57:27,,False,False,False
840,20191221T133116,2019-12-21 13:31:16,,False,False,False
841,20191222T140636,2019-12-22 14:06:36,,False,False,False
842,20191223T134025,2019-12-23 13:40:25,,False,False,False
843,20191224T135343,2019-12-24 13:53:43,0.10863408704347831,True,0.10169378,0.17504807
844,20191225T132732,2019-12-25 13:27:32,,False,False,False
845,20191226T140251,2019-12-26 14:02:51,,False,False,False
846,20191227T133640,2019-12-27 13:36:40,,False,False,False
847,20191228T134959,2019-12-28 13:49:59,0.14432098920000003,True,0.09804987,0.15583973
848,20191229T132348,2019-12-29 13:23:48,,False,False,False
849,20191230T135906,2019-12-30 13:59:06,,False,False,False
850,20191231T133256,2019-12-31 13:32:56,0.17784967499999998,False,False,False
851,20191231T141226,2019-12-31 14:12:26,,False,False,False
852,20200101T134615,2020-01-01 13:46:15,0.1810815825,True,0.1810815825,0.18645589
853,20200103T135522,2020-01-03 13:55:22,0.14876378533333334,True,0.14567706,0.18381909
854,20200104T132911,2020-01-04 13:29:11,0.16093020705882355,True,0.16093020705882355,0.16671652
855,20200104T140842,2020-01-04 14:08:42,,False,False,False
856,20200105T134231,2020-01-05 13:42:31,0.15332405615384617,True,0.15332405615384617,0.15452132
857,20200107T135137,2020-01-07 13:51:37,0.14596959301204818,True,0.09173254,0.18257393
858,20200108T132526,2020-01-08 13:25:26,,False,False,False
859,20200108T140458,2020-01-08 14:04:58,,False,False,False
860,20200109T133847,2020-01-09 13:38:47,0.17405363884615382,True,0.17405363884615382,0.17426069
861,20200111T134752,2020-01-11 13:47:52,,False,False,False
862,20200112T140114,2020-01-12 14:01:14,,False,False,False
863,20200113T133503,2020-01-13 13:35:03,,False,False,False
864,20200114T141019,2020-01-14 14:10:19,,False,False,False
865,20200115T134408,2020-01-15 13:44:08,0.16035646,True,0.15796381,0.16035646
866,20200116T135730,2020-01-16 13:57:30,,False,False,False
867,20200117T133119,2020-01-17 13:31:19,,False,False,False
868,20200118T140634,2020-01-18 14:06:34,,False,False,False
869,20200119T134023,2020-01-19 13:40:23,,False,False,False
870,20200120T135345,2020-01-20 13:53:45,,False,False,False
871,20200121T132735,2020-01-21 13:27:35,,False,False,False
872,20200122T140249,2020-01-22 14:02:49,,False,False,False
873,20200123T133638,2020-01-23 13:36:38,0.15839764153846153,True,0.15761589999999998,0.15839764153846153
874,20200124T135001,2020-01-24 13:50:01,0.15264776204545455,True,0.15264776204545455,0.1538072
875,20200125T132350,2020-01-25 13:23:50,,False,False,False
876,20200126T135904,2020-01-26 13:59:04,0.1342391702631579,True,0.1342391702631579,0.15527208
877,20200127T133253,2020-01-27 13:32:53,0.15933714,False,False,False
878,20200127T141228,2020-01-27 14:12:28,,False,False,False
879,20200128T134617,2020-01-28 13:46:17,,False,False,False
880,20200130T135519,2020-01-30 13:55:19,0.11118379126530613,True,0.0865505,0.12196417
881,20200131T132908,2020-01-31 13:29:08,,False,False,False
882,20200131T140843,2020-01-31 14:08:43,,False,False,False
883,20200201T134232,2020-02-01 13:42:32,0.13875143904878048,True,0.13326213,0.13875143904878048
884,20200203T135134,2020-02-03 13:51:34,0.11090427,False,False,False
885,20200204T132523,2020-02-04 13:25:23,,False,False,False
886,20200204T140459,2020-02-04 14:04:59,,False,False,False
887,20200205T133848,2020-02-05 13:38:48,,False,False,False
888,20200207T134750,2020-02-07 13:47:50,,False,False,False
889,20200208T140115,2020-02-08 14:01:15,,False,False,False
890,20200209T133504,2020-02-09 13:35:04,0.16572772,False,False,False
891,20200210T141017,2020-02-10 14:10:17,,False,False,False
892,20200211T134406,2020-02-11 13:44:06,,False,False,False
893,20200212T135730,2020-02-12 13:57:30,,False,False,False
894,20200213T133119,2020-02-13 13:31:19,,False,False,False
895,20200214T140633,2020-02-14 14:06:33,,False,False,False
896,20200215T134022,2020-02-15 13:40:22,0.11474906802536232,True,0.10960418,0.14265573
897,20200216T135345,2020-02-16 13:53:45,,False,False,False
898,20200217T132735,2020-02-17 13:27:35,,False,False,False
899,20200218T140249,2020-02-18 14:02:49,,False,False,False
900,20200219T133638,2020-02-19 13:36:38,,False,False,False
901,20200220T135001,2020-02-20 13:50:01,,False,False,False
902,20200221T132350,2020-02-21 13:23:50,,False,False,False
903,20200222T135905,2020-02-22 13:59:05,,False,False,False
904,20200223T133255,2020-02-23 13:32:55,0.19890744000000002,True,0.19176611,0.19890744000000002
905,20200223T141227,2020-02-23 14:12:27,,False,False,False
906,20200224T134616,2020-02-24 13:46:16,0.1243114842857143,True,0.11506089,0.14750817
907,20200226T135521,2020-02-26 13:55:21,,False,False,False
908,20200227T132911,2020-02-27 13:29:11,,False,False,False
909,20200227T140842,2020-02-27 14:08:42,,False,False,False
910,20200228T134231,2020-02-28 13:42:31,,False,False,False
911,20200301T135137,2020-03-01 13:51:37,0.11721551031125829,True,0.103360094,0.120133065
912,20200302T132527,2020-03-02 13:25:27,,False,False,False
913,20200302T140458,2020-03-02 14:04:58,,False,False,False
914,20200303T133847,2020-03-03 13:38:47,0.17017731,False,False,False
915,20200305T134753,2020-03-05 13:47:53,,False,False,False
916,20200306T140113,2020-03-06 14:01:13,,False,False,False
917,20200307T133502,2020-03-07 13:35:02,0.19285562,False,False,False
918,20200308T141020,2020-03-08 14:10:20,,False,False,False
919,20200309T134409,2020-03-09 13:44:09,,False,False,False
920,20200310T135728,2020-03-10 13:57:28,,False,False,False
921,20200311T133117,2020-03-11 13:31:17,,False,False,False
922,20200312T140636,2020-03-12 14:06:36,,False,False,False
923,20200313T134025,2020-03-13 13:40:25,0.1271169201777778,True,0.11094089,0.1271169201777778
924,20200314T135344,2020-03-14 13:53:44,,False,False,False
925,20200315T132734,2020-03-15 13:27:34,,False,False,False
926,20200316T140252,2020-03-16 14:02:52,,False,False,False
927,20200317T133641,2020-03-17 13:36:41,,False,False,False
928,20200318T135001,2020-03-18 13:50:01,,False,False,False
929,20200319T132350,2020-03-19 13:23:50,,False,False,False
930,20200320T135908,2020-03-20 13:59:08,,False,False,False
931,20200321T133257,2020-03-21 13:32:57,0.15949736083333335,True,0.15415510000000002,0.16755883
932,20200321T141228,2020-03-21 14:12:28,,False,False,False
933,20200322T134618,2020-03-22 13:46:18,0.13452321317000002,True,0.13452321317000002,0.13840754
934,20200324T135523,2020-03-24 13:55:23,0.12790612769603524,True,0.11994995,0.13630177
935,20200325T132912,2020-03-25 13:29:12,0.13747415066666666,True,0.13747415066666666,0.14172186
936,20200325T140845,2020-03-25 14:08:45,,False,False,False
937,20200326T134234,2020-03-26 13:42:34,0.13001755983088237,True,0.12667012,0.13001755983088237
938,20200328T135139,2020-03-28 13:51:39,0.13725095826530612,True,0.12214728400000001,0.15790887
939,20200329T132528,2020-03-29 13:25:28,,False,False,False
940,20200329T140501,2020-03-29 14:05:01,,False,False,False
941,20200330T133850,2020-03-30 13:38:50,,False,False,False
