,strdate,dttime,B8m,B8kd.min,B8kd.max,kde.flag,T865m,T865.kd.min,T865.kd.max
0,20160425T134227,2016-04-25 13:42:27,,,,False,,,
1,20160428T140436,2016-04-28 14:04:36,,,,False,,,
2,20160429T133846,2016-04-29 13:38:46,,,,False,,,
3,20160502T140055,2016-05-02 14:00:55,0.05821304177777778,0.05390179,0.05821304177777778,True,0.34085739666666665,0.3212598483333333,0.3632545966666667
4,20160503T133505,2016-05-03 13:35:05,,,,False,,,
5,20160506T135714,2016-05-06 13:57:14,0.09746419394438385,0.061537523,0.14725181,True,0.09775113904362051,0.3265091883333333,0.14409448775
6,20160507T133124,2016-05-07 13:31:24,,,,False,,,
7,20160510T135333,2016-05-10 13:53:33,0.09683867039205703,0.05701468,0.14492629999999998,True,0.15825648975784115,0.27926509,0.24656917887142857
8,20160511T132743,2016-05-11 13:27:43,,,,False,,,
9,20160514T134952,2016-05-14 13:49:52,0.095349297,0.092172004,0.18283029,True,0.147230984790899,0.1447967643130221,0.13963254379999998
10,20160515T132401,2016-05-15 13:24:01,,,,False,,,
11,20160517T141201,2016-05-17 14:12:01,,,,False,,,
12,20160518T134611,2016-05-18 13:46:11,0.09017719688481675,0.06439406,0.09017719688481675,True,0.16689615270732985,0.4367454044444445,0.1459242047084892
13,20160521T140819,2016-05-21 14:08:19,,,,False,,,
14,20160522T134229,2016-05-22 13:42:29,0.0841694786434159,0.08332774,0.14501786,True,0.23841739296427641,0.24548132171877726,0.20839895316666665
15,20160525T140438,2016-05-25 14:04:38,,,,False,,,
16,20160526T133847,2016-05-26 13:38:47,0.09537711832926829,0.09537711832926829,0.15171972,True,0.20649125964634144,0.21404971216993465,0.091338584
17,20160529T140056,2016-05-29 14:00:56,,,,False,,,
18,20160530T133505,2016-05-30 13:35:05,0.08680942665473144,0.08680942665473144,0.08680942665473144,True,0.11591517738772379,0.12052612669886363,0.10431647765843373
19,20160602T135714,2016-06-02 13:57:14,0.11674551,,,False,0.10708661400000001,,
20,20160603T133124,2016-06-03 13:31:24,,,,False,,,
21,20160606T135333,2016-06-06 13:53:33,0.08163377200379507,0.07882321,0.13328044,True,0.16876391270588237,0.171399972025,0.1465150191925926
22,20160607T132743,2016-06-07 13:27:43,0.09204101312,0.09204101312,0.11729484,True,0.03890924135747369,0.03641053460474137,0.1443092352909091
23,20160610T134952,2016-06-10 13:49:52,0.0868426087241888,0.0868426087241888,0.16312754,True,0.09057673067433629,0.08630113870122326,0.3107611502888889
24,20160611T132401,2016-06-11 13:24:01,,,,False,,,
25,20160613T141201,2016-06-13 14:12:01,,,,False,,,
26,20160614T134611,2016-06-14 13:46:11,0.09243423486022515,0.09121983,0.15448470000000003,True,0.1399713390249531,0.13698007249781932,0.2645669245454546
27,20160617T140820,2016-06-17 14:08:20,,,,False,,,
28,20160618T134230,2016-06-18 13:42:30,0.09290710317391304,0.0776513,0.09290710317391304,True,0.03323062852657004,0.055547601363636366,0.03203149583
29,20160621T140308,2016-06-21 14:03:08,,,,False,,,
30,20160621T140508,2016-06-21 14:05:08,,,,False,,,
31,20160622T133849,2016-06-22 13:38:49,,,,False,,,
32,20160625T140058,2016-06-25 14:00:58,,,,False,,,
33,20160626T133507,2016-06-26 13:35:07,0.08659724243529413,0.06419264,0.08659724243529413,True,0.14148772525552944,0.2148731383333333,0.12954919064175824
34,20160629T135716,2016-06-29 13:57:16,0.07631077179861111,0.07631077179861111,0.07755974,True,0.03451443565277777,0.03451443565277777,0.033184982260869564
35,20160630T133126,2016-06-30 13:31:26,0.08395562308970589,0.08395562308970589,0.103708,True,0.06667901777147059,0.06589282693404255,0.08053993285714287
36,20160703T135335,2016-07-03 13:53:35,0.08374279,0.08363903,0.08374279,True,0.4892388433333334,0.4892388433333334,0.4892388433333334
37,20160704T132744,2016-07-04 13:27:44,0.08684215523573201,0.08684215523573201,0.09026765,True,0.05131591765409429,0.05131591765409429,0.04327046296976744
38,20160707T134953,2016-07-07 13:49:53,0.08967340811616162,0.08967340811616162,0.14970550000000002,True,0.07665950821979799,0.07376554542616823,0.16587926388
39,20160708T132402,2016-07-08 13:24:02,,,,False,,,
40,20160710T141202,2016-07-10 14:12:02,,,,False,,,
41,20160711T134611,2016-07-11 13:46:11,0.09202446646559632,0.08332774,0.13959777,True,0.21446218150642202,0.21053618133035715,0.22326209055428578
42,20160714T140820,2016-07-14 14:08:20,,,,False,,,
43,20160715T134229,2016-07-15 13:42:29,0.08678162474475525,0.08374889999999999,0.10288399999999999,True,0.1569076579398601,0.17891300022357723,0.018712366611764706
44,20160718T140438,2016-07-18 14:04:38,,,,False,,,
45,20160719T133847,2016-07-19 13:38:47,0.08877388643786982,0.08877388643786982,0.15312968,True,0.17166285994142014,0.17084406342679126,0.1616797854333333
46,20160722T140056,2016-07-22 14:00:56,0.07952043921230768,0.06285592,0.08039796,True,0.18128164609846154,0.31689884307692306,0.1750774690064516
47,20160723T133506,2016-07-23 13:35:06,0.08648771450140057,0.08648771450140057,0.08808863,True,0.18539447123977593,0.1862767138483965,0.18269741840064307
48,20160726T135715,2016-07-26 13:57:15,0.07828326448300282,0.07828326448300282,0.07828326448300282,True,0.052044344099150146,0.052044344099150146,0.05159954985857143
49,20160727T133124,2016-07-27 13:31:24,0.08715946878149101,0.08034303,0.08715946878149101,True,0.04953545295218508,0.05955853839344262,0.04907526056434108
50,20160730T135333,2016-07-30 13:53:33,0.07323371735999999,0.055531483,0.07323371735999999,True,0.12960179889714288,0.21795275600000003,0.1271397279260355
51,20160731T132743,2016-07-31 13:27:43,0.07787957621666666,0.07787957621666666,0.08118534,True,0.12272965703333334,0.12272965703333334,0.11338582514285715
52,20160803T134952,2016-08-03 13:49:52,0.07731063358783784,0.07731063358783784,0.07731063358783784,True,0.07940899230637066,0.07979206433611652,0.0779208232090999
53,20160804T132401,2016-08-04 13:24:01,,,,False,,,
54,20160806T141201,2016-08-06 14:12:01,,,,False,,,
55,20160807T134610,2016-08-07 13:46:10,0.07923234505019305,0.07874996,0.07923234505019305,True,0.06477974016988418,0.06272198408460039,0.0640213278543307
56,20160810T140819,2016-08-10 14:08:19,,,,False,,,
57,20160811T134229,2016-08-11 13:42:29,0.068802565492,0.068802565492,0.068802565492,True,0.29321574623999996,0.29603674362500004,0.29330867878542505
58,20160814T140437,2016-08-14 14:04:37,,,,False,,,
59,20160815T133847,2016-08-15 13:38:47,0.08116488881016949,0.08116488881016949,0.13234657,True,0.17689043020237288,0.17914211688916085,0.19737532833333335
60,20160818T140056,2016-08-18 14:00:56,,,,False,,,
61,20160819T133505,2016-08-19 13:35:05,0.07864498029696969,0.07829218,0.07864498029696969,True,0.21564940528888887,0.21639877440082644,0.21455222437344398
62,20160822T135731,2016-08-22 13:57:31,,,,False,,,
63,20160823T133127,2016-08-23 13:31:27,0.0797585108235294,0.0797585108235294,0.0797585108235294,True,0.2578971715686274,0.2578971715686274,0.2578971715686274
64,20160826T135213,2016-08-26 13:52:13,0.08089416503821138,0.08089416503821138,0.08089416503821138,True,0.1806747316780488,0.18122983908585444,0.17166861881114012
65,20160827T132809,2016-08-27 13:28:09,0.112350844,,,False,0.0062992126,,
66,20160830T134855,2016-08-30 13:48:55,0.07964103156164384,0.07964103156164384,0.07964103156164384,True,0.1277424219166096,0.12959429326367713,0.12390777967553093
67,20160831T132251,2016-08-31 13:22:51,,,,False,,,
68,20160902T141144,2016-09-02 14:11:44,,,,False,,,
69,20160903T134540,2016-09-03 13:45:40,,,,False,,,
70,20160906T140830,2016-09-06 14:08:30,,,,False,,,
71,20160907T134226,2016-09-07 13:42:26,0.08193242064312267,0.080910675,0.13013093,True,0.2973040980118959,0.30574415614754097,0.19564612971764705
72,20160910T140316,2016-09-10 14:03:16,,,,False,,,
73,20160911T133913,2016-09-11 13:39:13,,,,False,,,
74,20160914T140002,2016-09-14 14:00:02,,,,False,,,
75,20160915T133359,2016-09-15 13:33:59,,,,False,,,
76,20160918T135649,2016-09-18 13:56:49,0.08627880940169133,0.0682577,0.08627880940169133,True,0.19664729898520084,0.4402449666666667,0.1899019185745614
77,20160919T133046,2016-09-19 13:30:46,0.10512730264583332,0.09731743,0.1444319,True,0.17755905314791667,0.20149404166666665,0.07384076956666667
78,20160922T135335,2016-09-22 13:53:35,0.08437506234338357,0.0664449,0.08437506234338357,True,0.1674883590879397,0.338582675,0.16460210384965634
79,20160923T132732,2016-09-23 13:27:32,,,,False,,,
80,20160926T135021,2016-09-26 13:50:21,0.0877147165014045,0.0877147165014045,0.09004792,True,0.2618154454564607,0.2707091502429907,0.23462424196428572
81,20160927T132418,2016-09-27 13:24:18,,,,False,,,
82,20160929T141111,2016-09-29 14:11:11,,,,False,,,
83,20160930T134507,2016-09-30 13:45:07,0.09551649418518517,0.09551649418518517,0.09563281,True,0.48410614893703713,0.49312137415094354,0.47762852730588234
84,20161003T140756,2016-10-03 14:07:56,,,,False,,,
85,20161004T134152,2016-10-04 13:41:52,0.10615250700000001,0.10615250700000001,0.14943083,True,0.2567827650657658,0.2542709727586207,0.03989501235555556
86,20161007T140441,2016-10-07 14:04:41,,,,False,,,
87,20161008T133837,2016-10-08 13:38:37,0.10919536261594202,0.10211494,0.13575244,True,0.19958157220338163,0.24124484194444448,0.10393700693333335
88,20161011T140125,2016-10-11 14:01:25,,,,False,,,
89,20161012T133521,2016-10-12 13:35:21,0.10603944166666665,0.10603944166666665,0.10603944166666665,True,0.22587176300190479,0.2315740204950495,0.22587176300190479
90,20161015T135609,2016-10-15 13:56:09,0.1057813709047619,0.10526445,0.1057813709047619,True,0.2842644650793651,0.28621730407506707,0.2827046064075067
91,20161016T133004,2016-10-16 13:30:04,0.14221625999999998,,,False,0.0220472438,,
92,20161016T133204,2016-10-16 13:32:04,,,,False,,,
93,20161019T135251,2016-10-19 13:52:51,0.10630965821341463,0.10630965821341463,0.15345928,True,0.3428941785899391,0.3494175192113565,0.0677165337
94,20161020T132647,2016-10-20 13:26:47,,,,False,,,
95,20161023T134933,2016-10-23 13:49:33,0.1433227717857143,0.101382494,0.14516434,True,0.1265091856047619,0.5711286,0.10185090455584417
96,20161024T132328,2016-10-24 13:23:28,,,,False,,,
97,20161026T141218,2016-10-26 14:12:18,,,,False,,,
98,20161027T134614,2016-10-27 13:46:14,,,,False,,,
99,20161030T140658,2016-10-30 14:06:58,,,,False,,,
100,20161031T134253,2016-10-31 13:42:53,,,,False,,,
101,20161103T140337,2016-11-03 14:03:37,,,,False,,,
102,20161104T133732,2016-11-04 13:37:32,0.12176309090740742,0.10951262,0.12176309090740742,True,0.23668708041358025,0.30750559807339445,0.1851586741111111
103,20161107T140016,2016-11-07 14:00:16,,,,False,,,
104,20161108T133410,2016-11-08 13:34:10,,,,False,,,
105,20161111T135653,2016-11-11 13:56:53,0.1382889651201923,0.09043245,0.1382889651201923,True,0.06744397327403846,0.5921259875,0.050048967666666666
106,20161112T133047,2016-11-12 13:30:47,,,,False,,,
107,20161115T135328,2016-11-15 13:53:28,0.10766673402985075,0.10766673402985075,0.13862728,True,0.3088024421705757,0.3213692014907408,0.05826771658333333
108,20161116T132722,2016-11-16 13:27:22,,,,False,,,
109,20161119T135002,2016-11-19 13:50:02,0.11921160181324279,0.11758782,0.15999635,True,0.29164605489337864,0.2932467361678832,0.10843644515714283
110,20161120T132355,2016-11-20 13:23:55,,,,False,,,
111,20161122T141041,2016-11-22 14:10:41,,,,False,,,
112,20161123T134634,2016-11-23 13:46:34,0.15419338909090904,0.15419338909090904,0.16039918,True,0.13571940023636364,0.13571940023636364,0.044094487825
113,20161126T140712,2016-11-26 14:07:12,,,,False,,,
114,20161127T134104,2016-11-27 13:41:04,,,,False,,,
115,20161130T140340,2016-11-30 14:03:40,,,,False,,,
116,20161201T133732,2016-12-01 13:37:32,,,,False,,,
117,20161204T140007,2016-12-04 14:00:07,,,,False,,,
118,20161205T133359,2016-12-05 13:33:59,,,,False,,,
119,20161208T135632,2016-12-08 13:56:32,0.11016693446616542,0.11016693446616542,0.15045625,True,0.3288378399548872,0.37690785947867295,0.08019973068292684
120,20161209T133023,2016-12-09 13:30:23,,,,False,,,
121,20161212T135255,2016-12-12 13:52:55,,,,False,,,
122,20161213T132646,2016-12-13 13:26:46,0.15805536,0.15805536,0.15805537,True,0.1301837233333333,0.1301837233333333,0.1301837233333333
123,20161216T134916,2016-12-16 13:49:16,,,,False,,,
124,20161217T132307,2016-12-17 13:23:07,,,,False,,,
125,20161219T141146,2016-12-19 14:11:46,,,,False,,,
126,20161220T134536,2016-12-20 13:45:36,0.15661201705882352,0.14644612,0.15661201705882352,True,0.2693839732823529,0.39341445818181814,0.24161979684285712
127,20161223T140804,2016-12-23 14:08:04,,,,False,,,
128,20161224T134153,2016-12-24 13:41:53,0.14946745,,,False,0.0,,
129,20161227T140419,2016-12-27 14:04:19,,,,False,,,
130,20161228T133808,2016-12-28 13:38:08,0.17028154846153848,0.16021608,0.17028154846153848,True,0.049909144307692305,0.06362204508,0.005249343833333334
131,20161231T140032,2016-12-31 14:00:32,,,,False,,,
132,20170101T133419,2017-01-01 13:34:19,,,,False,,,
133,20170104T135641,2017-01-04 13:56:41,,,,False,,,
134,20170105T133029,2017-01-05 13:30:29,,,,False,,,
135,20170108T135249,2017-01-08 13:52:49,,,,False,,,
136,20170109T132636,2017-01-09 13:26:36,,,,False,,,
137,20170112T134854,2017-01-12 13:48:54,,,,False,,,
138,20170113T132240,2017-01-13 13:22:40,,,,False,,,
139,20170115T141111,2017-01-15 14:11:11,,,,False,,,
140,20170116T134457,2017-01-16 13:44:57,0.17424696125,0.17424696125,0.18863492,True,0.09685039315,0.12913385753333334,0.00251968504
141,20170119T140712,2017-01-19 14:07:12,,,,False,,,
142,20170120T134257,2017-01-20 13:42:57,,,,False,,,
143,20170123T140311,2017-01-23 14:03:11,,,,False,,,
144,20170123T140511,2017-01-23 14:05:11,,,,False,,,
145,20170124T133855,2017-01-24 13:38:55,0.17260104,0.17019562,0.17260104,True,0.002863278454545455,0.0031496063000000006,0.002863278454545455
146,20170127T140107,2017-01-27 14:01:07,,,,False,,,
147,20170128T133451,2017-01-28 13:34:51,,,,False,,,
148,20170131T135701,2017-01-31 13:57:01,,,,False,,,
149,20170201T133044,2017-02-01 13:30:44,,,,False,,,
150,20170204T135253,2017-02-04 13:52:53,,,,False,,,
151,20170205T132636,2017-02-05 13:26:36,,,,False,,,
152,20170208T134843,2017-02-08 13:48:43,,,,False,,,
153,20170209T132426,2017-02-09 13:24:26,,,,False,,,
154,20170211T141050,2017-02-11 14:10:50,,,,False,,,
155,20170212T134632,2017-02-12 13:46:32,,,,False,,,
156,20170215T140837,2017-02-15 14:08:37,,,,False,,,
157,20170216T134219,2017-02-16 13:42:19,,,,False,,,
158,20170219T140424,2017-02-19 14:04:24,,,,False,,,
159,20170220T133805,2017-02-20 13:38:05,0.1303984713888889,0.1303984713888889,0.1303984713888889,True,0.13753280598888887,0.1754780621428571,0.13753280598888887
160,20170223T140009,2017-02-23 14:00:09,,,,False,,,
161,20170224T133351,2017-02-24 13:33:51,,,,False,,,
162,20170227T135554,2017-02-27 13:55:54,,,,False,,,
163,20170228T133135,2017-02-28 13:31:35,,,,False,,,
164,20170303T135339,2017-03-03 13:53:39,0.11574239831092437,0.11574239831092437,0.12764062,True,0.22433666320840343,0.28023420102564106,0.16750178896666665
165,20170304T132720,2017-03-04 13:27:20,,,,False,,,
166,20170307T134923,2017-03-07 13:49:23,0.16885892,,,False,0.0062992126,,
167,20170308T132304,2017-03-08 13:23:04,,,,False,,,
168,20170310T141125,2017-03-10 14:11:25,,,,False,,,
169,20170311T134507,2017-03-11 13:45:07,,,,False,,,
170,20170314T140709,2017-03-14 14:07:09,,,,False,,,
171,20170315T134250,2017-03-15 13:42:50,,,,False,,,
172,20170318T140454,2017-03-18 14:04:54,,,,False,,,
173,20170319T133836,2017-03-19 13:38:36,,,,False,,,
174,20170322T140040,2017-03-22 14:00:40,,,,False,,,
175,20170323T133422,2017-03-23 13:34:22,0.13560009854166666,0.10396436,0.13560009854166666,True,0.1494313199527778,0.43464566749999994,0.11074422059032256
176,20170326T135626,2017-03-26 13:56:26,,,,False,,,
177,20170327T133008,2017-03-27 13:30:08,,,,False,,,
178,20170330T135213,2017-03-30 13:52:13,0.11032285035097493,0.10986053,0.11032285035097493,True,0.06371153435320336,0.06445880802447762,0.05681139359498433
179,20170331T132755,2017-03-31 13:27:55,,,,False,,,
180,20170403T135000,2017-04-03 13:50:00,0.10145252557860082,0.10145252557860082,0.13809626,True,0.32803603047489716,0.33883658095992547,0.13732283569999998
181,20170404T132342,2017-04-04 13:23:42,,,,False,,,
182,20170406T141206,2017-04-06 14:12:06,,,,False,,,
183,20170407T134548,2017-04-07 13:45:48,0.12773174686046512,0.12773174686046512,0.12817164,True,0.16685588589767442,0.17161513220975608,0.16331860838048778
184,20170410T140754,2017-04-10 14:07:54,,,,False,,,
185,20170411T134137,2017-04-11 13:41:37,0.10897648051836735,0.10897648051836735,0.15351420000000002,True,0.15708179228857144,0.1671995165791183,0.10897637745
186,20170414T140344,2017-04-14 14:03:44,,,,False,,,
187,20170415T133726,2017-04-15 13:37:26,,,,False,,,
188,20170415T133926,2017-04-15 13:39:26,,,,False,,,
189,20170418T135934,2017-04-18 13:59:34,,,,False,,,
190,20170418T140134,2017-04-18 14:01:34,,,,False,,,
191,20170419T133517,2017-04-19 13:35:17,,,,False,,,
192,20170422T135725,2017-04-22 13:57:25,0.08165360540528635,0.08165360540528635,0.08165360540528635,True,0.07750528927841412,0.07776461516902655,0.07581961287363635
193,20170423T133130,2017-04-23 13:31:30,,,,False,,,
194,20170426T135339,2017-04-26 13:53:39,0.07769952805357143,0.07769952805357143,0.12090213,True,0.1974128219732143,0.1955720223882353,0.357795282
195,20170427T132748,2017-04-27 13:27:48,0.08596715514285715,0.08574480599999999,0.08596715514285715,True,0.06929133900000002,0.06929133900000002,0.06929133900000002
196,20170430T134959,2017-04-30 13:49:59,0.0729024128919708,0.0729024128919708,0.12699974,True,0.19738145722218978,0.20509463419420787,0.20922384421428572
197,20170501T132408,2017-05-01 13:24:08,,,,False,,,
198,20170503T141208,2017-05-03 14:12:08,,,,False,,,
199,20170504T134618,2017-05-04 13:46:18,0.06977902255737706,0.06664632,0.06977902255737706,True,0.255169742295082,0.2746719147916667,0.24596925285714288
200,20170507T140827,2017-05-07 14:08:27,,,,False,,,
201,20170508T134237,2017-05-08 13:42:37,,,,False,,,
202,20170511T140447,2017-05-11 14:04:47,,,,False,,,
203,20170512T133857,2017-05-12 13:38:57,0.0856719979047619,0.07505112,0.12460098,True,0.2531683511904762,0.2566929092857143,0.24006999222222225
204,20170515T140106,2017-05-15 14:01:06,,,,False,,,
205,20170516T133516,2017-05-16 13:35:16,,,,False,,,
206,20170519T135725,2017-05-19 13:57:25,0.06365651827237354,0.06365651827237354,0.10993378,True,0.13732038272996108,0.13688132642767856,0.25826771625
207,20170520T133135,2017-05-20 13:31:35,0.07496253443243242,0.07496253443243242,0.07496253443243242,True,0.07916577961081081,0.07829021330285715,0.05151855984285714
208,20170523T135344,2017-05-23 13:53:44,,,,False,,,
209,20170524T132754,2017-05-24 13:27:54,0.080910675,,,False,0.16377953,,
210,20170527T135003,2017-05-27 13:50:03,0.06337185657098765,0.06337185657098765,0.06419264,True,0.05745115149753087,0.05881991978961038,0.05677718332508361
211,20170528T132412,2017-05-28 13:24:12,,,,False,,,
212,20170530T141212,2017-05-30 14:12:12,,,,False,,,
213,20170531T134622,2017-05-31 13:46:22,,,,False,,,
214,20170603T140831,2017-06-03 14:08:31,,,,False,,,
215,20170604T134240,2017-06-04 13:42:40,0.06494205286516853,0.056904815,0.0667745,True,0.027143236077528093,0.0251968503125,0.027644026235971224
216,20170607T140449,2017-06-07 14:04:49,,,,False,,,
217,20170608T133859,2017-06-08 13:38:59,,,,False,,,
218,20170611T140108,2017-06-11 14:01:08,0.07081678970731708,0.07081678970731708,0.07457503,True,0.1330516607804878,0.14395553470588235,0.0990694336969697
219,20170612T133517,2017-06-12 13:35:17,0.07700135781368822,0.042036198,0.0792993,True,0.17168348177186313,0.21102362,0.1654788494232558
220,20170615T135726,2017-06-15 13:57:26,0.06250110820391062,0.06250110820391062,0.06349681,True,0.1289051150620112,0.14567978906866666,0.10572105006713287
221,20170616T133135,2017-06-16 13:31:35,0.07852141632258064,0.06930143400000001,0.07852141632258064,True,0.11397979686352361,0.13330072858385095,0.10340707386666667
222,20170619T135344,2017-06-19 13:53:44,0.07331782736787565,0.07331782736787565,0.074977875,True,0.05085063835336788,0.055700571590410954,0.0487297576553459
223,20170620T132753,2017-06-20 13:27:53,0.07765819675813952,0.07765819675813952,0.07765819675813952,True,0.025372642233488372,0.025372642233488372,0.024283464431
224,20170623T135002,2017-06-23 13:50:02,,,,False,,,
225,20170624T132411,2017-06-24 13:24:11,,,,False,,,
226,20170626T141211,2017-06-26 14:12:11,,,,False,,,
227,20170627T134621,2017-06-27 13:46:21,0.07934581438623853,0.07934581438623853,0.14759973,True,0.11405042190458715,0.11591162684174758,0.15013123433333334
228,20170630T140829,2017-06-30 14:08:29,,,,False,,,
229,20170701T134239,2017-07-01 13:42:39,,,,False,,,
230,20170704T140447,2017-07-04 14:04:47,,,,False,,,
231,20170705T133856,2017-07-05 13:38:56,0.08991748592586751,0.042677085999999996,0.14115421,True,0.07648476067160884,0.21102362,0.2658267672
232,20170708T140105,2017-07-08 14:01:05,0.08260498166942148,0.08260498166942148,0.08260498166942148,True,0.0489880908,0.0489880908,0.04742936493109244
233,20170709T133514,2017-07-09 13:35:14,0.09581644582608695,0.07360455,0.097683646,True,0.14123017043478261,0.2267716466666667,0.13259842383333334
234,20170712T135723,2017-07-12 13:57:23,0.08059194709765626,0.05879086,0.08206427,True,0.08602362139570313,0.26078739539999996,0.07351373603624456
235,20170713T133132,2017-07-13 13:31:32,0.09219617324495678,0.09219617324495678,0.09219617324495678,True,0.08405001226340057,0.09059928581864952,0.07766395948401254
236,20170716T135341,2017-07-16 13:53:41,0.08604314272519084,0.07190161,0.08604314272519084,True,0.04241149214147582,0.05451682134909091,0.04105348870229885
237,20170717T132750,2017-07-17 13:27:50,0.09321338462248996,0.09321338462248996,0.09321338462248996,True,0.03640388289317269,0.03640388289317269,0.03535161517844827
238,20170720T135000,2017-07-20 13:50:00,0.08838892721109123,0.08774072,0.14543901,True,0.16851238766296958,0.16256667410584677,0.23602763833061227
239,20170721T132409,2017-07-21 13:24:09,,,,False,,,
240,20170723T141208,2017-07-23 14:12:08,,,,False,,,
241,20170724T134618,2017-07-24 13:46:18,0.08817175811956524,0.08817175811956524,0.14221625,True,0.0666894893728261,0.060647952934732824,0.21259842450000002
242,20170727T140827,2017-07-27 14:08:27,,,,False,,,
243,20170728T134236,2017-07-28 13:42:36,0.09328596163000931,0.080068365,0.09526658,True,0.059886549135135136,0.0941453741346939,0.05584219453216495
244,20170731T140445,2017-07-31 14:04:45,,,,False,,,
245,20170801T133854,2017-08-01 13:38:54,0.09750126193069307,0.09750126193069307,0.14965057,True,0.22159507220198021,0.24808643011627912,0.07559055226666667
246,20170804T140103,2017-08-04 14:01:03,,,,False,,,
247,20170805T133513,2017-08-05 13:35:13,0.08491871440476192,0.08491871440476192,0.08491871440476192,True,0.19290588495238095,0.19423591286407768,0.18826133032432432
248,20170808T135721,2017-08-08 13:57:21,0.08588286822411616,0.058845792,0.08588286822411616,True,0.06667859667361112,0.1285039364,0.06470738424594596
249,20170809T133131,2017-08-09 13:31:31,,,,False,,,
250,20170812T135339,2017-08-12 13:53:39,0.0784245566780822,0.0784245566780822,0.08153325,True,0.1863013683669276,0.19214946218210863,0.17773765931219512
251,20170813T132748,2017-08-13 13:27:48,0.0928589667327189,0.0928589667327189,0.09649342,True,0.06270183894101383,0.06296296221111111,0.05728130082527473
252,20170816T134957,2017-08-16 13:49:57,0.0792166733291327,0.0792166733291327,0.13434248,True,0.23445771835433654,0.23565578070324572,0.23149606
253,20170817T132406,2017-08-17 13:24:06,,,,False,,,
254,20170819T141214,2017-08-19 14:12:14,,,,False,,,
255,20170820T134615,2017-08-20 13:46:15,0.08187182235627531,0.060127567,0.08187182235627531,True,0.09378260874844806,0.11667237313043477,0.09089523586011732
256,20170823T140654,2017-08-23 14:06:54,,,,False,,,
257,20170823T140854,2017-08-23 14:08:54,,,,False,,,
258,20170824T134250,2017-08-24 13:42:50,0.08271153175098814,0.06049379,0.08431654,True,0.2328467809090909,0.26546681642857145,0.22511066452736317
259,20170827T140336,2017-08-27 14:03:36,,,,False,,,
260,20170828T133732,2017-08-28 13:37:32,0.07983032,,,False,0.28346455,,
261,20170831T140019,2017-08-31 14:00:19,,,,False,,,
262,20170901T133415,2017-09-01 13:34:15,0.13475449,,,False,0.0062992126,,
263,20170904T135702,2017-09-04 13:57:02,0.07137247510303031,0.07137247510303031,0.12410657,True,0.4124266255757576,0.42006635660377356,0.14068241
264,20170905T133058,2017-09-05 13:30:58,,,,False,,,
265,20170908T135346,2017-09-08 13:53:46,,,,False,,,
266,20170909T132743,2017-09-09 13:27:43,,,,False,,,
267,20170912T134832,2017-09-12 13:48:32,,,,False,,,
268,20170913T132429,2017-09-13 13:24:29,,,,False,,,
269,20170915T141122,2017-09-15 14:11:22,,,,False,,,
270,20170916T134518,2017-09-16 13:45:18,0.14520325875,0.14507279,0.14520325875,True,0.0078740157,0.0078740157,0.0078740157
271,20170919T140808,2017-09-19 14:08:08,,,,False,,,
272,20170920T134204,2017-09-20 13:42:04,0.11272507071714286,0.09513839999999998,0.12974639,True,0.24406748916171425,0.33835769785714287,0.06972082992272727
273,20170923T140454,2017-09-23 14:04:54,,,,False,,,
274,20170924T133851,2017-09-24 13:38:51,,,,False,,,
275,20170927T135940,2017-09-27 13:59:40,,,,False,,,
276,20170928T133537,2017-09-28 13:35:37,0.13564538715384614,0.10630818,0.14234443,True,0.06953361531538461,0.293543304,0.01619797515238095
277,20171001T135626,2017-10-01 13:56:26,0.12269358613375796,0.10729698,0.14494461,True,0.3072571313808917,0.4828949524468085,0.045194350742857145
278,20171002T133023,2017-10-02 13:30:23,0.11166112333333333,,,False,0.27086616,,
279,20171005T135312,2017-10-05 13:53:12,0.12965808003105592,0.099276714,0.13934141,True,0.15796938302981367,0.41388487929577467,0.07268322203247865
280,20171006T132709,2017-10-06 13:27:09,,,,False,,,
281,20171009T134957,2017-10-09 13:49:57,0.11571446864444446,0.08905911400000001,0.14333324,True,0.09903761980837605,0.3767716528125,0.09284491685217393
282,20171010T132354,2017-10-10 13:23:54,,,,False,,,
283,20171012T141046,2017-10-12 14:10:46,,,,False,,,
284,20171013T134642,2017-10-13 13:46:42,,,,False,,,
285,20171016T140730,2017-10-16 14:07:30,,,,False,,,
286,20171017T134126,2017-10-17 13:41:26,0.13850445388311688,0.111014135,0.15115207,True,0.1373146523038961,0.3599932946808511,0.031920048315384614
287,20171020T140413,2017-10-20 14:04:13,,,,False,,,
288,20171021T133809,2017-10-21 13:38:09,0.11460633841842104,0.0906888,0.1501999,True,0.22430169700684213,0.43006441727272726,0.14831782045454547
289,20171024T140056,2017-10-24 14:00:56,,,,False,,,
290,20171025T133451,2017-10-25 13:34:51,,,,False,,,
291,20171028T135737,2017-10-28 13:57:37,0.10505241777722772,0.09640187,0.13701591,True,0.34464800539207924,0.42552973276422756,0.05909261281904762
292,20171029T133132,2017-10-29 13:31:32,0.12311777272727274,0.11240578,0.13399456,True,0.10307802401818184,0.17637795266666664,0.041994750144444454
293,20171101T135217,2017-11-01 13:52:17,0.11767036837662337,0.11515244,0.16556291,True,0.2115655986431818,0.218176573032967,0.13692498895789473
294,20171102T132812,2017-11-02 13:28:12,,,,False,,,
295,20171105T134856,2017-11-05 13:48:56,0.11481432630232558,0.11361431,0.15168309,True,0.26949886995503874,0.28217242008547,0.06929133824444444
296,20171106T132251,2017-11-06 13:22:51,,,,False,,,
297,20171108T141139,2017-11-08 14:11:39,,,,False,,,
298,20171109T134534,2017-11-09 13:45:34,0.12533222432608696,0.10993378,0.15078585,True,0.21252995406956524,0.31823621799999996,0.024356955413333332
299,20171112T140816,2017-11-12 14:08:16,,,,False,,,
300,20171113T134210,2017-11-13 13:42:10,0.12297521723926381,0.11077609,0.15281838,True,0.21293657107852762,0.2955568023214286,0.010270455256521737
301,20171116T140451,2017-11-16 14:04:51,,,,False,,,
302,20171117T133844,2017-11-17 13:38:44,,,,False,,,
303,20171120T140124,2017-11-20 14:01:24,,,,False,,,
304,20171121T133517,2017-11-21 13:35:17,,,,False,,,
305,20171124T135555,2017-11-24 13:55:55,0.12632617365432097,0.10740685,0.14210638,True,0.2604452196462963,0.4981627242592592,0.09007873959625
306,20171125T133148,2017-11-25 13:31:48,,,,False,,,
307,20171128T135225,2017-11-28 13:52:25,,,,False,,,
308,20171129T132617,2017-11-29 13:26:17,,,,False,,,
309,20171129T132725,2017-11-29 13:27:25,,,,False,,,
310,20171129T132817,2017-11-29 13:28:17,,,,False,,,
311,20171202T134951,2017-12-02 13:49:51,0.17070834,,,False,0.0062992126,,
312,20171203T132340,2017-12-03 13:23:40,,,,False,,,
313,20171205T141218,2017-12-05 14:12:18,,,,False,,,
314,20171206T134607,2017-12-06 13:46:07,0.1706003997368421,0.16953643,0.1706003997368421,True,0.006796518826315789,0.006796518826315789,0.006796518826315789
315,20171209T140833,2017-12-09 14:08:33,,,,False,,,
316,20171210T134222,2017-12-10 13:42:22,,,,False,,,
317,20171213T140449,2017-12-13 14:04:49,,,,False,,,
318,20171214T133838,2017-12-14 13:38:38,,,,False,,,
319,20171217T140104,2017-12-17 14:01:04,,,,False,,,
320,20171218T133454,2017-12-18 13:34:54,,,,False,,,
321,20171221T135720,2017-12-21 13:57:20,0.13840983568749998,0.118027285,0.17947936,True,0.224015742975,0.347086606,0.015118110520000002
322,20171222T133109,2017-12-22 13:31:09,,,,False,,,
323,20171225T135336,2017-12-25 13:53:36,,,,False,,,
324,20171226T132725,2017-12-26 13:27:25,,,,False,,,
325,20171229T134951,2017-12-29 13:49:51,,,,False,,,
326,20171230T132340,2017-12-30 13:23:40,,,,False,,,
327,20180101T141218,2018-01-01 14:12:18,,,,False,,,
328,20180102T134607,2018-01-02 13:46:07,0.20136113,,,False,0.02519685,,
329,20180105T140833,2018-01-05 14:08:33,,,,False,,,
330,20180106T134222,2018-01-06 13:42:22,0.096227915,,,False,0.264566935,,
331,20180109T140449,2018-01-09 14:04:49,,,,False,,,
332,20180110T133838,2018-01-10 13:38:38,0.16984161166666667,0.16984161166666667,0.16984161166666667,True,0.004199475066666667,0.004199475066666667,0.004199475066666667
333,20180113T140104,2018-01-13 14:01:04,,,,False,,,
334,20180114T133454,2018-01-14 13:34:54,,,,False,,,
335,20180117T135720,2018-01-17 13:57:20,0.13009979835000002,0.098782316,0.13009979835000002,True,0.15496062740000002,0.285826766575,0.05165354254
336,20180118T133109,2018-01-18 13:31:09,,,,False,,,
337,20180121T135336,2018-01-21 13:53:36,0.15666372042857143,0.15666372042857143,0.15999635,True,0.03599550002857143,0.038764384646153845,0.0022906227636363637
338,20180122T132725,2018-01-22 13:27:25,0.18819545,,,False,0.012598425,,
339,20180125T134951,2018-01-25 13:49:51,0.12353559975757578,0.10786462599999999,0.16069217,True,0.20844666819999996,0.2914214631578947,0.025196850075
340,20180126T132340,2018-01-26 13:23:40,,,,False,,,
341,20180128T141218,2018-01-28 14:12:18,,,,False,,,
342,20180129T134607,2018-01-29 13:46:07,0.16262202333333337,0.16262202333333337,0.16285287,True,0.011698537635714285,0.011698537635714285,0.011698537635714285
343,20180201T140833,2018-02-01 14:08:33,,,,False,,,
344,20180202T134222,2018-02-02 13:42:22,,,,False,,,
345,20180205T140449,2018-02-05 14:04:49,,,,False,,,
346,20180206T133838,2018-02-06 13:38:38,,,,False,,,
347,20180209T140104,2018-02-09 14:01:04,,,,False,,,
348,20180210T133454,2018-02-10 13:34:54,,,,False,,,
349,20180213T135720,2018-02-13 13:57:20,,,,False,,,
350,20180214T133109,2018-02-14 13:31:09,,,,False,,,
351,20180217T135336,2018-02-17 13:53:36,0.1363914944,0.1363914944,0.13946960000000003,True,0.178110231995,0.294750649125,0.06485855925185185
352,20180218T132725,2018-02-18 13:27:25,,,,False,,,
353,20180221T134951,2018-02-21 13:49:51,0.189266645,,,False,0.0031496063,,
354,20180222T132340,2018-02-22 13:23:40,,,,False,,,
355,20180224T141218,2018-02-24 14:12:18,,,,False,,,
356,20180225T134607,2018-02-25 13:46:07,0.16968292,,,False,0.0062992126,,
357,20180228T140833,2018-02-28 14:08:33,,,,False,,,
358,20180301T134222,2018-03-01 13:42:22,0.12361432244719688,0.10308542,0.21987365,True,0.07248611512542374,0.2315236927368421,0.004199475066666667
359,20180304T140449,2018-03-04 14:04:49,,,,False,,,
360,20180305T133838,2018-03-05 13:38:38,,,,False,,,
361,20180308T140105,2018-03-08 14:01:05,,,,False,,,
362,20180309T133454,2018-03-09 13:34:54,,,,False,,,
363,20180312T135720,2018-03-12 13:57:20,0.13932696348795182,0.13932696348795182,0.14765465,True,0.1609714431879518,0.18802469646043168,0.08152230880166668
364,20180313T133109,2018-03-13 13:31:09,,,,False,,,
365,20180316T135336,2018-03-16 13:53:36,,,,False,,,
366,20180320T134951,2018-03-20 13:49:51,0.1235299110447761,0.11553697,0.15944701,True,0.22695968788955226,0.283716533,0.017997750614285716
367,20180321T132340,2018-03-21 13:23:40,,,,False,,,
368,20180323T141218,2018-03-23 14:12:18,,,,False,,,
369,20180324T134607,2018-03-24 13:46:07,,,,False,,,
370,20180327T140833,2018-03-27 14:08:33,,,,False,,,
371,20180328T134222,2018-03-28 13:42:22,0.169966745,,,False,0.0062992126,,
372,20180331T140449,2018-03-31 14:04:49,,,,False,,,
373,20180401T133838,2018-04-01 13:38:38,0.15326108641176472,0.15326108641176472,0.16102177,True,0.07855488570588234,0.09403824422857143,0.040702603615384615
374,20180404T140105,2018-04-04 14:01:05,,,,False,,,
375,20180405T133454,2018-04-05 13:34:54,,,,False,,,
376,20180408T135720,2018-04-08 13:57:20,,,,False,,,
377,20180409T133109,2018-04-09 13:31:09,,,,False,,,
378,20180412T135336,2018-04-12 13:53:36,,,,False,,,
379,20180413T132725,2018-04-13 13:27:25,,,,False,,,
380,20180416T134951,2018-04-16 13:49:51,0.12083987349999999,0.11077609,0.12083987349999999,True,0.18173228200999997,0.2577831592307692,0.09238845084999998
381,20180417T132340,2018-04-17 13:23:40,,,,False,,,
382,20180419T141218,2018-04-19 14:12:18,,,,False,,,
383,20180420T134607,2018-04-20 13:46:07,0.13705486304255318,0.11612293,0.16197394,True,0.1427374762723404,0.26857551781818173,0.01669291321
384,20180423T140833,2018-04-23 14:08:33,,,,False,,,
385,20180424T134222,2018-04-24 13:42:22,0.15866520391304348,0.15866520391304348,0.16378674,True,0.041903457373913044,0.0462992122,0.025528387715789476
386,20180427T140449,2018-04-27 14:04:49,,,,False,,,
387,20180428T133838,2018-04-28 13:38:38,,,,False,,,
388,20180501T140105,2018-05-01 14:01:05,0.1241245900967742,0.12121342,0.1241245900967742,True,0.20279400203870965,0.23580965030434778,0.16824146709166665
389,20180502T133454,2018-05-02 13:34:54,0.12844567871651089,0.12516862,0.14664754,True,0.0987072870024922,0.13163182084827588,0.026578256515789468
390,20180505T135720,2018-05-05 13:57:20,,,,False,,,
391,20180506T133109,2018-05-06 13:31:09,,,,False,,,
392,20180509T135336,2018-05-09 13:53:36,0.12220203886274508,0.093728445,0.12220203886274508,True,0.1435232345029412,0.33741868882608694,0.11014077684242425
393,20180510T132725,2018-05-10 13:27:25,,,,False,,,
394,20180513T134951,2018-05-13 13:49:51,0.12304306368,0.12304306368,0.12599261,True,0.060472440463999994,0.060472440463999994,0.060527216243478274
395,20180514T132340,2018-05-14 13:23:40,,,,False,,,
396,20180516T141218,2018-05-16 14:12:18,,,,False,,,
397,20180517T134607,2018-05-17 13:46:07,0.12940687595833333,0.09123814,0.13985412,True,0.32939632533333335,0.42204723600000005,0.289763784
398,20180520T140833,2018-05-20 14:08:33,,,,False,,,
399,20180521T134222,2018-05-21 13:42:22,0.11493617973965041,0.07631458,0.1620838,True,0.08363407152069918,0.34409448374999996,0.1513983159310345
400,20180524T140449,2018-05-24 14:04:49,,,,False,,,
401,20180525T133838,2018-05-25 13:38:38,0.129343545,,,False,0.1543307065,,
402,20180528T140105,2018-05-28 14:01:05,,,,False,,,
403,20180529T133454,2018-05-29 13:34:54,0.144331185,,,False,0.0062992126,,
404,20180601T135720,2018-06-01 13:57:20,0.09824479973408239,0.09824479973408239,0.15355083,True,0.057377097070411984,0.0556043578162643,0.24188975959999998
405,20180602T133109,2018-06-02 13:31:09,0.10327928706408344,0.090871915,0.105246134,True,0.029440134917436658,0.03354330684,0.02918601222746365
406,20180605T135336,2018-06-05 13:53:36,,,,False,,,
407,20180606T132725,2018-06-06 13:27:25,,,,False,,,
408,20180609T134951,2018-06-09 13:49:51,0.09643656010948082,0.09643656010948082,0.15963012,True,0.09916638449300226,0.10276644798915742,0.2850393663125
409,20180610T132340,2018-06-10 13:23:40,,,,False,,,
410,20180612T141218,2018-06-12 14:12:18,,,,False,,,
411,20180613T134607,2018-06-13 13:46:07,0.09374686730058651,0.09374686730058651,0.09374686730058651,True,0.05955619140733138,0.05955619140733138,0.05528000548099688
412,20180616T140833,2018-06-16 14:08:33,,,,False,,,
413,20180617T134223,2018-06-17 13:42:23,0.10717617962686568,0.10717617962686568,0.16255989999999998,True,0.13115524617910446,0.13356299090624998,0.088188975
414,20180620T140449,2018-06-20 14:04:49,,,,False,,,
415,20180621T133838,2018-06-21 13:38:38,0.095696893,,,False,0.17007874,,
416,20180624T140105,2018-06-24 14:01:05,0.08167988556052631,0.06536455,0.13249306,True,0.08560298318736843,0.19457567555555555,0.21837270266666667
417,20180625T133454,2018-06-25 13:34:54,0.08515824263938619,0.07230446,0.08515824263938619,True,0.1194272708061381,0.18708661500000004,0.11658490305026177
418,20180628T135720,2018-06-28 13:57:20,0.08175510936677116,0.07332987,0.081917785,True,0.03836793096927899,0.04470904514878049,0.03876597360852459
419,20180629T133109,2018-06-29 13:31:09,0.09995945728571429,0.09995945728571429,0.09995945728571429,True,0.17727783428571428,0.18519684399999997,0.16377952333333334
420,20180702T135336,2018-07-02 13:53:36,0.07832124454156171,0.07832124454156171,0.07928099,True,0.052995894183879094,0.052995894183879094,0.05202985969090909
421,20180703T132725,2018-07-03 13:27:25,0.09368196823076923,0.09368196823076923,0.09368196823076923,True,0.17443973230769227,0.17443973230769227,0.143622047
422,20180706T134951,2018-07-06 13:49:51,0.07888826195461912,0.05798517,0.07888826195461912,True,0.11402901939675851,0.31496062599999997,0.10372188509422067
423,20180707T132340,2018-07-07 13:23:40,,,,False,,,
424,20180709T141218,2018-07-09 14:12:18,,,,False,,,
425,20180710T134607,2018-07-10 13:46:07,,,,False,,,
426,20180713T140833,2018-07-13 14:08:33,,,,False,,,
427,20180714T134223,2018-07-14 13:42:23,0.07424804802197801,0.06393628,0.07424804802197801,True,0.025162239247252742,0.03646912515789474,0.024772184292134833
428,20180717T140449,2018-07-17 14:04:49,,,,False,,,
429,20180718T133838,2018-07-18 13:38:38,0.0906263086956522,0.06402784,0.0906263086956522,True,0.24676480586956515,0.24356955,0.24874207756097563
430,20180721T140105,2018-07-21 14:01:05,0.0718256193,0.071279034,0.0718256193,True,0.04692913365,0.04692913365,0.04840447552631579
431,20180722T133454,2018-07-22 13:34:54,0.07830582244148936,0.06770836599999999,0.07955565,True,0.028513988734042556,0.03757030357142858,0.027630636852272728
432,20180725T135720,2018-07-25 13:57:20,0.07133946844827585,0.070986055,0.07133946844827585,True,0.16815484222463056,0.17641163787165773,0.15587200490212763
433,20180726T133109,2018-07-26 13:31:09,0.08085809625721783,0.08085809625721783,0.13406782,True,0.09622419193175855,0.09762039359116025,0.0579527546
434,20180729T135336,2018-07-29 13:53:36,0.06818235833890214,0.04850001599999999,0.10564898,True,0.19722999872840094,0.37480314333333337,0.22152230943333331
435,20180730T132725,2018-07-30 13:27:25,,,,False,,,
436,20180802T134951,2018-08-02 13:49:51,0.0681866143986755,0.0681866143986755,0.13198034,True,0.18482139934463576,0.18703748259888578,0.15748031416666666
437,20180803T132340,2018-08-03 13:23:40,,,,False,,,
438,20180805T141218,2018-08-05 14:12:18,,,,False,,,
439,20180806T134607,2018-08-06 13:46:07,,,,False,,,
440,20180809T140833,2018-08-09 14:08:33,,,,False,,,
441,20180810T134223,2018-08-10 13:42:23,0.07063695323577238,0.07063695323577238,0.07257912,True,0.22800076634146338,0.22785594237704918,0.22568360563636364
442,20180813T140449,2018-08-13 14:04:49,,,,False,,,
443,20180814T133838,2018-08-14 13:38:38,,,,False,,,
444,20180817T140105,2018-08-17 14:01:05,,,,False,,,
445,20180818T133454,2018-08-18 13:34:54,0.08988618798709679,0.08988618798709679,0.09275796,True,0.19324358584516127,0.19324358584516127,0.18180988127536232
446,20180821T135720,2018-08-21 13:57:20,,,,False,,,
447,20180822T133109,2018-08-22 13:31:09,,,,False,,,
448,20180825T135336,2018-08-25 13:53:36,0.07820813741304349,0.07820813741304349,0.14373608,True,0.12325524467267081,0.12401889712416,0.21039369199999997
449,20180826T132725,2018-08-26 13:27:25,0.07983898010810811,0.07951903,0.07983898010810811,True,0.22217493,0.22217493,0.22217493
450,20180829T134953,2018-08-29 13:49:53,0.08146999579054545,0.05717948,0.08146999579054545,True,0.1515979949458909,0.2661417325,0.1415443586830549
451,20180830T132343,2018-08-30 13:23:43,,,,False,,,
452,20180901T141220,2018-09-01 14:12:20,,,,False,,,
453,20180902T134610,2018-09-02 13:46:10,0.07752216896303697,0.06430250400000001,0.07752216896303697,True,0.3833269068331669,0.39829021257142855,0.38330611894790606
454,20180905T140837,2018-09-05 14:08:37,,,,False,,,
455,20180906T134226,2018-09-06 13:42:26,0.13939684243243244,0.13939684243243244,0.13939684243243244,True,0.013449670118918922,0.013449670118918922,0.013449670118918922
456,20180909T140453,2018-09-09 14:04:53,,,,False,,,
457,20180910T133843,2018-09-10 13:38:43,0.1048224952542373,0.1048224952542373,0.113028355,True,0.17125316843389835,0.20157480153488375,0.10891007020000001
458,20180913T140110,2018-09-13 14:01:10,,,,False,,,
459,20180914T133459,2018-09-14 13:34:59,0.0985992025,,,False,0.36535433,,
460,20180917T135726,2018-09-17 13:57:26,0.09305556768679245,0.09305556768679245,0.09457076,True,0.1311068183226415,0.1311068183226415,0.12408428627732794
461,20180918T133115,2018-09-18 13:31:15,0.09915058405263158,0.09915058405263158,0.09915058405263158,True,0.11968503863947368,0.12043593814966888,0.11968503862133333
462,20180921T135342,2018-09-21 13:53:42,0.08628035606236244,0.08628035606236244,0.08628035606236244,True,0.4229761778173147,0.4242510329215976,0.4220758515102194
463,20180922T132732,2018-09-22 13:27:32,0.09852872178301884,0.09852872178301884,0.09852872178301884,True,0.16924676738301886,0.17119036470588234,0.16924676738301886
464,20180925T134958,2018-09-25 13:49:58,0.08731607403533025,0.08731607403533025,0.15347760000000002,True,0.34175889008556065,0.3448118672594988,0.19977502257142857
465,20180926T132348,2018-09-26 13:23:48,,,,False,,,
466,20180928T141225,2018-09-28 14:12:25,,,,False,,,
467,20180929T134615,2018-09-29 13:46:15,0.08797734378076609,0.08797734378076609,0.120773956,True,0.25403230266715565,0.2596512624961241,0.11338582565
468,20181002T140841,2018-10-02 14:08:41,,,,False,,,
469,20181003T134231,2018-10-03 13:42:31,0.10520452149136277,0.10520452149136277,0.12798853,True,0.29750781876218807,0.3094028780348004,0.12255673735588235
470,20181006T140457,2018-10-06 14:04:57,,,,False,,,
471,20181007T133847,2018-10-07 13:38:47,0.10654344169746835,0.078218944,0.10654344169746835,True,0.2188298596936709,0.4706411592857142,0.21007200160160425
472,20181010T140113,2018-10-10 14:01:13,,,,False,,,
473,20181011T133502,2018-10-11 13:35:02,,,,False,,,
474,20181014T135729,2018-10-14 13:57:29,,,,False,,,
475,20181015T133118,2018-10-15 13:31:18,0.11135429952329749,0.10244454,0.14864345,True,0.09658792583870966,0.10906838831460675,0.1242662848727273
476,20181018T135345,2018-10-18 13:53:45,0.09686430469072164,0.089187294,0.13778497,True,0.4615309640274914,0.5424379992116183,0.04157480271111111
477,20181019T132734,2018-10-19 13:27:34,,,,False,,,
478,20181022T135000,2018-10-22 13:50:00,0.10409026234606206,0.10259102,0.10409026234606206,True,0.23638584397088305,0.2638849612905983,0.21286365376000002
479,20181023T132350,2018-10-23 13:23:50,,,,False,,,
480,20181025T141227,2018-10-25 14:12:27,,,,False,,,
481,20181026T134616,2018-10-26 13:46:16,0.10971076389572193,0.10971076389572193,0.14402905,True,0.3101435823385027,0.3379697267365269,0.05967675117368423
482,20181029T140842,2018-10-29 14:08:42,,,,False,,,
483,20181030T134232,2018-10-30 13:42:32,,,,False,,,
484,20181102T140458,2018-11-02 14:04:58,,,,False,,,
485,20181103T133847,2018-11-03 13:38:47,,,,False,,,
486,20181106T140113,2018-11-06 14:01:13,,,,False,,,
487,20181107T133502,2018-11-07 13:35:02,,,,False,,,
488,20181110T135729,2018-11-10 13:57:29,0.11943634050769232,0.11943634050769232,0.14794764,True,0.2124288289476923,0.21538382407166126,0.140520896
489,20181111T133118,2018-11-11 13:31:18,,,,False,,,
490,20181114T135344,2018-11-14 13:53:44,,,,False,,,
491,20181115T132733,2018-11-15 13:27:33,,,,False,,,
492,20181118T134959,2018-11-18 13:49:59,,,,False,,,
493,20181119T132348,2018-11-19 13:23:48,,,,False,,,
494,20181121T141225,2018-11-21 14:12:25,,,,False,,,
495,20181122T134614,2018-11-22 13:46:14,,,,False,,,
496,20181125T140840,2018-11-25 14:08:40,,,,False,,,
497,20181126T134229,2018-11-26 13:42:29,0.16120487333333333,0.16114993,0.16120487333333333,True,0.027296587533333336,0.027296587533333336,0.027296587533333336
498,20181129T140455,2018-11-29 14:04:55,,,,False,,,
499,20181130T133844,2018-11-30 13:38:44,,,,False,,,
500,20181203T140110,2018-12-03 14:01:10,,,,False,,,
501,20181204T133459,2018-12-04 13:34:59,,,,False,,,
502,20181207T135725,2018-12-07 13:57:25,,,,False,,,
503,20181208T133114,2018-12-08 13:31:14,,,,False,,,
504,20181211T135340,2018-12-11 13:53:40,0.11925413,0.11925413,0.1261391,True,0.32335957333333337,0.32335957333333337,0.31811023499999996
505,20181212T132729,2018-12-12 13:27:29,,,,False,,,
506,20181215T134955,2018-12-15 13:49:55,,,,False,,,
507,20181216T132343,2018-12-16 13:23:43,,,,False,,,
508,20181218T141220,2018-12-18 14:12:20,,,,False,,,
509,20181219T134609,2018-12-19 13:46:09,,,,False,,,
510,20181222T140836,2018-12-22 14:08:36,,,,False,,,
511,20181223T134226,2018-12-23 13:42:26,0.18759118,,,False,0.031496063,,
512,20181226T140453,2018-12-26 14:04:53,,,,False,,,
513,20181227T133842,2018-12-27 13:38:42,,,,False,,,
514,20181230T140109,2018-12-30 14:01:09,,,,False,,,
515,20181231T133458,2018-12-31 13:34:58,0.166985464375,0.166985464375,0.16889554,True,0.008661417275,0.008661417275,0.008661417275
516,20190103T135725,2019-01-03 13:57:25,,,,False,,,
517,20190104T133114,2019-01-04 13:31:14,,,,False,,,
518,20190107T135341,2019-01-07 13:53:41,,,,False,,,
519,20190108T132731,2019-01-08 13:27:31,,,,False,,,
520,20190111T134957,2019-01-11 13:49:57,0.16204719,,,False,0.0,,
521,20190112T132347,2019-01-12 13:23:47,,,,False,,,
522,20190114T141224,2019-01-14 14:12:24,,,,False,,,
523,20190115T134613,2019-01-15 13:46:13,0.13980401165789472,0.13980401165789472,0.1487167,True,0.07517612939736842,0.09731197406551725,0.02275429850204082
524,20190118T140840,2019-01-18 14:08:40,,,,False,,,
525,20190119T134229,2019-01-19 13:42:29,,,,False,,,
526,20190122T140456,2019-01-22 14:04:56,,,,False,,,
527,20190123T133845,2019-01-23 13:38:45,,,,False,,,
528,20190126T140112,2019-01-26 14:01:12,,,,False,,,
529,20190127T133501,2019-01-27 13:35:01,0.13735613080357142,0.13258462,0.13735613080357142,True,0.047356579851785714,0.049448818250000005,0.047356579851785714
530,20190130T135728,2019-01-30 13:57:28,0.08868068633333333,0.08868068633333333,0.09812311,True,0.26299212666666666,0.33910761500000003,0.2357705271428571
531,20190131T133117,2019-01-31 13:31:17,,,,False,,,
532,20190203T135343,2019-02-03 13:53:43,,,,False,,,
533,20190204T132732,2019-02-04 13:27:32,,,,False,,,
534,20190207T134959,2019-02-07 13:49:59,0.13086776553333332,0.11767937,0.13086776553333332,True,0.2135852999333333,0.2940737634210526,0.15419376902173915
535,20190208T132348,2019-02-08 13:23:48,,,,False,,,
536,20190210T141225,2019-02-10 14:12:25,,,,False,,,
537,20190211T134615,2019-02-11 13:46:15,0.16550225875000002,0.16550225875000002,0.1737846,True,0.10669291118750002,0.11338582442666666,0.012073490749999999
538,20190214T140841,2019-02-14 14:08:41,,,,False,,,
539,20190215T134230,2019-02-15 13:42:30,,,,False,,,
540,20190218T140457,2019-02-18 14:04:57,,,,False,,,
541,20190219T133846,2019-02-19 13:38:46,,,,False,,,
542,20190222T140112,2019-02-22 14:01:12,0.11515177300000001,0.105960265,0.12108524,True,0.1501056256097561,0.1644255987179487,0.148264798962963
543,20190223T133501,2019-02-23 13:35:01,,,,False,,,
544,20190226T135727,2019-02-26 13:57:27,0.1197526252361809,0.08821680400000001,0.1197526252361809,True,0.14483440748592966,0.261417321923077,0.130136408251831
545,20190227T133116,2019-02-27 13:31:16,,,,False,,,
546,20190302T135342,2019-03-02 13:53:42,0.12422393140909092,0.09750054,0.13302408,True,0.2659985631818182,0.517795262,0.1919407105882353
547,20190303T132731,2019-03-03 13:27:31,,,,False,,,
548,20190306T134957,2019-03-06 13:49:57,0.10248085249791666,0.08085574,0.121433154,True,0.12459317526791666,0.16272965833333333,0.13913848964705883
549,20190307T132346,2019-03-07 13:23:46,,,,False,,,
550,20190309T141223,2019-03-09 14:12:23,,,,False,,,
551,20190310T134612,2019-03-10 13:46:12,0.1174520039122807,0.114877775,0.14800256,True,0.1568663557582846,0.16279964914666664,0.11081948040740741
552,20190313T140838,2019-03-13 14:08:38,,,,False,,,
553,20190314T134227,2019-03-14 13:42:27,0.11473494988461537,0.11332133400000001,0.14611652,True,0.0973712891776923,0.09247557653360995,0.1562204727066666
554,20190317T140455,2019-03-17 14:04:55,,,,False,,,
555,20190318T133844,2019-03-18 13:38:44,0.10046440825633804,0.10046440825633804,0.10046440825633804,True,0.2988310937008451,0.31534239703030303,0.2939756761059172
556,20190319T141408,2019-03-19 14:14:08,,,,False,,,
557,20190320T134757,2019-03-20 13:47:57,,,,False,,,
558,20190321T140111,2019-03-21 14:01:11,,,,False,,,
559,20190322T133501,2019-03-22 13:35:01,,,,False,,,
560,20190323T141024,2019-03-23 14:10:24,,,,False,,,
561,20190324T134413,2019-03-24 13:44:13,0.11457106499999999,0.11457106499999999,0.13710746,True,0.29921260315,0.5952756,0.0031496063
562,20190325T135728,2019-03-25 13:57:28,,,,False,,,
563,20190326T133117,2019-03-26 13:31:17,0.1030489773884892,0.10282907,0.14166692,True,0.09276610146474822,0.09156522867245659,0.12733408255714287
564,20190327T140640,2019-03-27 14:06:40,,,,False,,,
565,20190328T134029,2019-03-28 13:40:29,0.09717058422420907,0.09550463,0.15649892,True,0.11096838407895461,0.11166441952792792,0.06299212586
566,20190329T135344,2019-03-29 13:53:44,,,,False,,,
567,20190330T132734,2019-03-30 13:27:34,,,,False,,,
568,20190331T140256,2019-03-31 14:02:56,,,,False,,,
569,20190401T133645,2019-04-01 13:36:45,0.09586999461864407,0.086880095,0.09660329,True,0.0523688772779661,0.07619366642553191,0.04673790748928571
570,20190402T135001,2019-04-02 13:50:01,0.10028992853153151,0.10028992853153151,0.10198676,True,0.21593246541981978,0.22543139328723405,0.19105141079529414
571,20190403T132350,2019-04-03 13:23:50,,,,False,,,
572,20190404T135911,2019-04-04 13:59:11,,,,False,,,
573,20190405T133300,2019-04-05 13:33:00,,,,False,,,
574,20190405T141228,2019-04-05 14:12:28,,,,False,,,
575,20190406T134617,2019-04-06 13:46:17,0.09110818875268817,0.09110818875268817,0.14382763,True,0.3281347872204301,0.34049493583333335,0.2519685
576,20190408T135527,2019-04-08 13:55:27,,,,False,,,
577,20190409T132916,2019-04-09 13:29:16,,,,False,,,
578,20190409T140844,2019-04-09 14:08:44,,,,False,,,
579,20190410T134233,2019-04-10 13:42:33,0.0973591343034188,0.0973591343034188,0.09940489400000001,True,0.374560869968376,0.3799170244086022,0.3732826478885058
580,20190412T135143,2019-04-12 13:51:43,,,,False,,,
581,20190413T132532,2019-04-13 13:25:32,0.0956553733372093,0.0956553733372093,0.0956553733372093,True,0.10778245728488371,0.11059890227878788,0.09665745412582781
582,20190413T140500,2019-04-13 14:05:00,,,,False,,,
583,20190414T133849,2019-04-14 13:38:49,0.1019370715497076,0.1019370715497076,0.12740257,True,0.09883501294346979,0.08870234725726873,0.17576038159215682
584,20190415T141409,2019-04-15 14:14:09,,,,False,,,
585,20190416T134758,2019-04-16 13:47:58,0.08400731990117646,0.08400731990117646,0.128428,True,0.21507734939411766,0.22628587226447536,0.20031496
586,20190417T140116,2019-04-17 14:01:16,,,,False,,,
587,20190418T133506,2019-04-18 13:35:06,0.09095029676626015,0.09095029676626015,0.111471914,True,0.18487932813536587,0.18629168135966737,0.12668416451111109
588,20190419T141025,2019-04-19 14:10:25,,,,False,,,
589,20190420T134414,2019-04-20 13:44:14,,,,False,,,
590,20190421T135732,2019-04-21 13:57:32,,,,False,,,
591,20190422T133122,2019-04-22 13:31:22,,,,False,,,
592,20190423T140640,2019-04-23 14:06:40,,,,False,,,
593,20190424T134029,2019-04-24 13:40:29,,,,False,,,
594,20190425T135348,2019-04-25 13:53:48,0.08739782682258065,0.08387707,0.14565875,True,0.22768605376774195,0.22356028889411766,0.17637795
595,20190426T132738,2019-04-26 13:27:38,,,,False,,,
596,20190427T140255,2019-04-27 14:02:55,,,,False,,,
597,20190428T133644,2019-04-28 13:36:44,,,,False,,,
598,20190429T135004,2019-04-29 13:50:04,,,,False,,,
599,20190430T132354,2019-04-30 13:23:54,,,,False,,,
600,20190501T135911,2019-05-01 13:59:11,,,,False,,,
601,20190502T133300,2019-05-02 13:33:00,,,,False,,,
602,20190502T141231,2019-05-02 14:12:31,,,,False,,,
603,20190503T134620,2019-05-03 13:46:20,0.07383353064157706,0.07383353064157706,0.12930693,True,0.20408093989964157,0.20464364913333333,0.2623172057142857
604,20190505T135526,2019-05-05 13:55:26,0.06572428199906542,0.06572428199906542,0.06572428199906542,True,0.1315828968940187,0.14180302218502674,0.12367345178300518
605,20190506T132915,2019-05-06 13:29:15,0.06638841930029155,0.04787744,0.067159034,True,0.19364109918367348,0.34393701200000004,0.18762950513157894
606,20190506T140847,2019-05-06 14:08:47,,,,False,,,
607,20190507T134236,2019-05-07 13:42:36,,,,False,,,
608,20190509T135141,2019-05-09 13:51:41,0.06634523416710875,0.036432996,0.112772,True,0.16281041598832893,0.277165346,0.34015747333333335
609,20190510T132530,2019-05-10 13:25:30,,,,False,,,
610,20190510T140503,2019-05-10 14:05:03,,,,False,,,
611,20190511T133852,2019-05-11 13:38:52,,,,False,,,
612,20190512T141407,2019-05-12 14:14:07,,,,False,,,
613,20190513T134756,2019-05-13 13:47:56,0.07034541383333333,0.07034541383333333,0.07246926,True,0.31209477011261255,0.3212914948743718,0.3001451615363129
614,20190514T140118,2019-05-14 14:01:18,,,,False,,,
615,20190515T133507,2019-05-15 13:35:07,,,,False,,,
616,20190516T141022,2019-05-16 14:10:22,,,,False,,,
617,20190517T134411,2019-05-17 13:44:11,0.0763440559375,0.0763440559375,0.15027314,True,0.19055117948125,0.19002624511111108,0.324409446
618,20190518T135734,2019-05-18 13:57:34,0.0711552036875,0.0711552036875,0.07576525,True,0.1985826759875,0.22244866329411764,0.15911810905999998
619,20190519T133123,2019-05-19 13:31:23,,,,False,,,
620,20190520T140637,2019-05-20 14:06:37,,,,False,,,
621,20190521T134026,2019-05-21 13:40:26,0.12994782,,,False,0.12913386,,
622,20190522T135349,2019-05-22 13:53:49,,,,False,,,
623,20190523T132739,2019-05-23 13:27:39,,,,False,,,
624,20190524T140252,2019-05-24 14:02:52,,,,False,,,
625,20190525T133641,2019-05-25 13:36:41,,,,False,,,
626,20190526T135005,2019-05-26 13:50:05,0.06273292118913044,0.06273292118913044,0.06302072,True,0.050256761058695656,0.04865293451850117,0.048449685110047845
627,20190527T132354,2019-05-27 13:23:54,,,,False,,,
628,20190528T135906,2019-05-28 13:59:06,,,,False,,,
629,20190529T133255,2019-05-29 13:32:55,0.06207377819254658,0.045442063,0.06435744,True,0.2259108903478261,0.28136483,0.22255638951879697
630,20190529T141231,2019-05-29 14:12:31,,,,False,,,
631,20190530T134620,2019-05-30 13:46:20,,,,False,,,
632,20190601T135521,2019-06-01 13:55:21,,,,False,,,
633,20190602T132910,2019-06-02 13:29:10,0.06945739086788155,0.029859312000000002,0.1376568,True,0.08869119064282463,0.2834645575,0.16097987569999997
634,20190602T140847,2019-06-02 14:08:47,,,,False,,,
635,20190603T134236,2019-06-03 13:42:36,,,,False,,,
636,20190605T135136,2019-06-05 13:51:36,0.06642799807692307,0.05285806,0.06642799807692307,True,0.3486371869230769,0.32755904454545454,0.3640944913333334
637,20190606T132525,2019-06-06 13:25:25,,,,False,,,
638,20190606T140502,2019-06-06 14:05:02,,,,False,,,
639,20190607T133851,2019-06-07 13:38:51,0.07007344017615176,0.07007344017615176,0.13743706,True,0.09438149454783198,0.09623951830383481,0.28136481766666666
640,20190608T141402,2019-06-08 14:14:02,,,,False,,,
641,20190609T134751,2019-06-09 13:47:51,0.07616962435416667,0.072798856,0.14067812,True,0.2908136466666667,0.29217230029411767,0.247244085
642,20190610T140117,2019-06-10 14:01:17,0.0763850446304348,0.076241344,0.14023866,True,0.18870249869565214,0.19902512128571426,0.08608924000000001
643,20190611T133506,2019-06-11 13:35:06,0.07060868713043478,0.06933805,0.07395245,True,0.2815474114130435,0.2872751974074074,0.2726895947368422
644,20190612T141017,2019-06-12 14:10:17,,,,False,,,
645,20190613T134406,2019-06-13 13:44:06,0.06995213460496014,0.06995213460496014,0.1220008,True,0.13361137566288753,0.14000548347422886,0.2090193220545455
646,20190614T135732,2019-06-14 13:57:32,0.06026524166666668,0.05796686,0.06026524166666668,True,0.3419072587037037,0.36311460777777776,0.3454981141304348
647,20190615T133121,2019-06-15 13:31:21,,,,False,,,
648,20190616T140632,2019-06-16 14:06:32,,,,False,,,
649,20190617T134021,2019-06-17 13:40:21,,,,False,,,
650,20190618T135348,2019-06-18 13:53:48,0.06452675157678356,0.042786952,0.06452675157678356,True,0.07527063917363966,0.08368954028571429,0.07167389756680273
651,20190619T132737,2019-06-19 13:27:37,0.0727876529117647,0.0727876529117647,0.07561876599999999,True,0.05672996721764705,0.05672996721764705,0.04715660500694444
652,20190620T140248,2019-06-20 14:02:48,,,,False,,,
653,20190621T133637,2019-06-21 13:36:37,0.07155254340172168,0.069173254,0.14922939999999998,True,0.1271049141779053,0.12113719327788161,0.24366499220909085
654,20190622T135004,2019-06-22 13:50:04,,,,False,,,
655,20190623T132353,2019-06-23 13:23:53,,,,False,,,
656,20190624T135904,2019-06-24 13:59:04,0.059727547705093836,0.059727547705093836,0.09336223,True,0.052910007764611265,0.05459632344917541,0.5102362033333333
657,20190625T133253,2019-06-25 13:32:53,0.06198056208713693,0.030719932000000002,0.06492508,True,0.2322605934605809,0.34330709000000004,0.21848518799999997
658,20190625T141230,2019-06-25 14:12:30,,,,False,,,
659,20190626T134620,2019-06-26 13:46:20,,,,False,,,
660,20190628T135520,2019-06-28 13:55:20,0.06539456117948718,0.06539456117948718,0.13838923,True,0.10404084057747252,0.10642320619097292,0.2319255536363636
661,20190629T132909,2019-06-29 13:29:09,0.06725185227586208,0.065858945,0.06725185227586208,True,0.16964431137931035,0.17179670690909085,0.16686737627450973
662,20190629T140846,2019-06-29 14:08:46,,,,False,,,
663,20190630T134235,2019-06-30 13:42:35,0.08666035999999999,,,False,0.06614173129999999,,
664,20190702T135136,2019-07-02 13:51:36,0.06472059383636364,0.06228828,0.07091281,True,0.18086757242181817,0.18720146115469616,0.17293795564539008
665,20190703T132526,2019-07-03 13:25:26,,,,False,,,
666,20190703T140502,2019-07-03 14:05:02,,,,False,,,
667,20190704T133851,2019-07-04 13:38:51,0.06807288704140627,0.06807288704140627,0.14012879,True,0.10546751914765624,0.11174884078145088,0.1220472419
668,20190705T141403,2019-07-05 14:14:03,,,,False,,,
669,20190706T134752,2019-07-06 13:47:52,,,,False,,,
670,20190707T140117,2019-07-07 14:01:17,,,,False,,,
671,20190708T133506,2019-07-08 13:35:06,0.06800339767846608,0.06620686,0.13047884,True,0.14618261120530973,0.1490885547191781,0.16377952625000003
672,20190709T141019,2019-07-09 14:10:19,,,,False,,,
673,20190710T134408,2019-07-10 13:44:08,0.06953881017908081,0.06953881017908081,0.16942656,True,0.08941687312171157,0.08884061849917897,0.0062992125333333334
674,20190711T135733,2019-07-11 13:57:33,,,,False,,,
675,20190712T133122,2019-07-12 13:31:22,0.07554091113163973,0.07441023,0.11696524,True,0.12371478895150118,0.12794869646134022,0.11005094670588235
676,20190713T140635,2019-07-13 14:06:35,,,,False,,,
677,20190714T134024,2019-07-14 13:40:24,0.06927819435092349,0.04921415,0.06927819435092349,True,0.04916377491873351,0.0671916,0.044491572865902586
678,20190715T135348,2019-07-15 13:53:48,0.06643006011471322,0.06643006011471322,0.06721397,True,0.09359278915610972,0.0999267528761628,0.0785481078067073
679,20190716T132737,2019-07-16 13:27:37,0.07662779137238494,0.07662779137238494,0.07662779137238494,True,0.025539485292050204,0.025539485292050204,0.025330876097021275
680,20190717T140251,2019-07-17 14:02:51,,,,False,,,
681,20190718T133640,2019-07-18 13:36:40,0.07106636246666667,0.07076632,0.07106636246666667,True,0.07283089562190477,0.07530566165829146,0.070299212088
682,20190719T135004,2019-07-19 13:50:04,0.07100160790384615,0.06844081,0.1338664,True,0.11741368772788462,0.10938436883202847,0.2671607195647059
683,20190720T132353,2019-07-20 13:23:53,,,,False,,,
684,20190721T135907,2019-07-21 13:59:07,0.06563537013101331,0.03614002,0.065730765,True,0.05604816242579326,0.0844094492,0.05246040832921349
685,20190722T133256,2019-07-22 13:32:56,0.07438565223873873,0.07438565223873873,0.07653432,True,0.05096119675315315,0.05116328717918551,0.047825089204854364
686,20190722T141230,2019-07-22 14:12:30,,,,False,,,
687,20190723T134619,2019-07-23 13:46:19,0.07137937272072072,0.058204904,0.07137937272072072,True,0.056621975980630644,0.12423447100000001,0.05346178752329412
688,20190725T135522,2019-07-25 13:55:22,0.06797737220141342,0.06797737220141342,0.06797737220141342,True,0.11482151230636042,0.12697162774126983,0.07978118487452632
689,20190726T132912,2019-07-26 13:29:12,0.07689792661428572,0.060896635,0.07689792661428572,True,0.13228346387857143,0.2663667,0.12370264695275594
690,20190726T140845,2019-07-26 14:08:45,,,,False,,,
691,20190727T134234,2019-07-27 13:42:34,,,,False,,,
692,20190729T135138,2019-07-29 13:51:38,,,,False,,,
693,20190730T132527,2019-07-30 13:25:27,0.07267067719444445,0.07122410000000001,0.07267067719444445,True,0.13228346288888884,0.13716027258064517,0.13030371039999997
694,20190730T140500,2019-07-30 14:05:00,,,,False,,,
695,20190731T133849,2019-07-31 13:38:49,0.07644964173041476,0.05421308,0.07644964173041476,True,0.20488406527096772,0.46194226333333327,0.20243999450024094
696,20190801T141405,2019-08-01 14:14:05,,,,False,,,
697,20190802T134754,2019-08-02 13:47:54,0.07114363586652978,0.07114363586652978,0.07148045,True,0.25838412687885015,0.2621617730909091,0.24606299007211538
698,20190803T140115,2019-08-03 14:01:15,0.10557573,,,False,0.0,,
699,20190804T133504,2019-08-04 13:35:04,,,,False,,,
700,20190805T141020,2019-08-05 14:10:20,,,,False,,,
701,20190806T134409,2019-08-06 13:44:09,0.06830840422253522,0.05496384,0.07018036400000001,True,0.2780880533802817,0.3941507314285714,0.27118308100628935
702,20190807T135730,2019-08-07 13:57:30,0.07843959957428571,0.07843959957428571,0.14049502,True,0.19253393162057142,0.19101248543939392,0.19928417880000004
703,20190808T133119,2019-08-08 13:31:19,0.09038350214762741,0.045844905,0.15098728,True,0.16589402443198595,0.5014173000000001,0.0062992126
704,20190809T140636,2019-08-09 14:06:36,,,,False,,,
705,20190810T134025,2019-08-10 13:40:25,0.08357088735955057,0.08357088735955057,0.108871736,True,0.16154295206741573,0.1594002249420655,0.19527559
706,20190811T135345,2019-08-11 13:53:45,0.07667819589425051,0.054451127,0.07667819589425051,True,0.2190690213963039,0.45039370500000003,0.21577472139830506
707,20190812T132734,2019-08-12 13:27:34,0.08399777736734694,0.08399777736734694,0.08399777736734694,True,0.13125502057142857,0.13125502057142857,0.13125502057142857
708,20190813T140251,2019-08-13 14:02:51,,,,False,,,
709,20190814T133640,2019-08-14 13:36:40,,,,False,,,
710,20190815T135000,2019-08-15 13:50:00,,,,False,,,
711,20190816T132349,2019-08-16 13:23:49,,,,False,,,
712,20190817T135907,2019-08-17 13:59:07,,,,False,,,
713,20190818T133256,2019-08-18 13:32:56,0.08044991767209012,0.05901059,0.1517014,True,0.17794684185857323,0.3620787372,0.04881889775
714,20190818T141226,2019-08-18 14:12:26,,,,False,,,
715,20190819T134615,2019-08-19 13:46:15,0.07401670372180451,0.07259743,0.07401670372180451,True,0.2583782259398496,0.26368618468085103,0.25368328675
716,20190821T135522,2019-08-21 13:55:22,0.07211598145119306,0.07211598145119306,0.13128452,True,0.31606743007071586,0.3148747285681819,0.1322834642
717,20190822T132911,2019-08-22 13:29:11,0.07769605829629629,0.07769605829629629,0.07769605829629629,True,0.23353747518518517,0.23353747518518517,0.23353747518518517
718,20190822T140841,2019-08-22 14:08:41,,,,False,,,
719,20190823T134230,2019-08-23 13:42:30,0.0779870559150838,0.0776513,0.0779870559150838,True,0.21082303086324022,0.2116053043581081,0.20844007221497698
720,20190825T135137,2019-08-25 13:51:37,0.07357136673811834,0.07357136673811834,0.07357136673811834,True,0.24815598157129004,0.2494589058158158,0.24295095710580913
721,20190826T132526,2019-08-26 13:25:26,0.062709436,,,False,0.15748031,,
722,20190826T140456,2019-08-26 14:04:56,,,,False,,,
723,20190827T133845,2019-08-27 13:38:45,0.07499598556060606,0.07499598556060606,0.07499598556060606,True,0.17433027404683196,0.1751058268579387,0.1737836358787024
724,20190828T141403,2019-08-28 14:14:03,,,,False,,,
725,20190829T134752,2019-08-29 13:47:52,0.06642896414237288,0.06642896414237288,0.06642896414237288,True,0.28335245961864414,0.2832584892572944,0.28165159200733275
726,20190830T140112,2019-08-30 14:01:12,,,,False,,,
727,20190831T133501,2019-08-31 13:35:01,0.07959955784090908,0.07959955784090908,0.07959955784090908,True,0.1975089458377273,0.19910736771889398,0.18964263929951922
728,20190901T141019,2019-09-01 14:10:19,,,,False,,,
729,20190902T134408,2019-09-02 13:44:08,0.07683038239019191,0.07683038239019191,0.07807245,True,0.28410926014925375,0.2874122609728507,0.27476349419664264
730,20190903T135728,2019-09-03 13:57:28,0.07116555407671234,0.07116555407671234,0.09722587,True,0.45186926549041095,0.4644436793623189,0.12650918533333333
731,20190904T133117,2019-09-04 13:31:17,,,,False,,,
732,20190905T140635,2019-09-05 14:06:35,,,,False,,,
733,20190906T134024,2019-09-06 13:40:24,0.08121722786206896,0.08096561,0.08121722786206896,True,0.3817539993103448,0.3817539993103448,0.3817539993103448
734,20190907T135344,2019-09-07 13:53:44,0.11169165,,,False,0.30866140000000003,,
735,20190908T132733,2019-09-08 13:27:33,0.07991365857692309,0.07991365857692309,0.08043458,True,0.1733898646153846,0.17482360148051945,0.17034490394366197
736,20190909T140250,2019-09-09 14:02:50,,,,False,,,
737,20190910T133639,2019-09-10 13:36:39,0.07011625722022471,0.07011625722022471,0.07011625722022471,True,0.22924887,0.22971027942583733,0.22870987098557694
738,20190911T135000,2019-09-11 13:50:00,0.07306851175191165,0.07306851175191165,0.07306851175191165,True,0.2484629930630416,0.2500465201851852,0.24402303446025406
739,20190912T132349,2019-09-12 13:23:49,,,,False,,,
740,20190913T135906,2019-09-13 13:59:06,,,,False,,,
741,20190914T133255,2019-09-14 13:32:55,0.07537816544186046,0.07537816544186046,0.07701041,True,0.29840688372093027,0.29840688372093027,0.295093882051282
742,20190914T141227,2019-09-14 14:12:27,,,,False,,,
743,20190915T134616,2019-09-15 13:46:16,,,,False,,,
744,20190917T135521,2019-09-17 13:55:21,0.06730165553689567,0.06681112,0.13025911,True,0.521504271675827,0.5277852400542005,0.16467941322857144
745,20190918T132910,2019-09-18 13:29:10,0.07691981814035087,0.07602161,0.07691981814035087,True,0.2525210635087719,0.2525210635087719,0.2525210635087719
746,20190918T140843,2019-09-18 14:08:43,,,,False,,,
747,20190919T134232,2019-09-19 13:42:32,0.07659157349056603,0.07659157349056603,0.07885983,True,0.2920219865498653,0.2930873957734807,0.2904944080564264
748,20190921T135136,2019-09-21 13:51:36,0.08127955088896276,0.052308727,0.08127955088896276,True,0.11703802909175533,0.16377952666666667,0.11275403289004457
749,20190922T132525,2019-09-22 13:25:25,,,,False,,,
750,20190922T140459,2019-09-22 14:04:59,,,,False,,,
751,20190923T133848,2019-09-23 13:38:48,,,,False,,,
752,20190924T141403,2019-09-24 14:14:03,,,,False,,,
753,20190925T134752,2019-09-25 13:47:52,0.08259360497207305,0.07955565,0.14503616,True,0.3786293596833512,0.4019631654607046,0.12637795095
754,20190926T140115,2019-09-26 14:01:15,,,,False,,,
755,20190927T133504,2019-09-27 13:35:04,0.10392685777316293,0.10392685777316293,0.10392685777316293,True,0.2126437050159744,0.2109462616140351,0.20595109614035084
756,20190928T141018,2019-09-28 14:10:18,,,,False,,,
757,20190929T134407,2019-09-29 13:44:07,0.10140298230654762,0.10140298230654762,0.11350445,True,0.25067491339285713,0.25766680246710527,0.22190407750000002
758,20190930T135731,2019-09-30 13:57:31,,,,False,,,
759,20191001T133120,2019-10-01 13:31:20,,,,False,,,
760,20191002T140633,2019-10-02 14:06:33,,,,False,,,
761,20191003T134022,2019-10-03 13:40:22,,,,False,,,
762,20191004T135347,2019-10-04 13:53:47,0.09631432384615385,0.09105503,0.13511156,True,0.478889248156213,0.5388415455479452,0.0639867383368421
763,20191005T132736,2019-10-05 13:27:36,,,,False,,,
764,20191006T140248,2019-10-06 14:02:48,,,,False,,,
765,20191007T133637,2019-10-07 13:36:37,0.10123831074358974,0.10123831074358974,0.15979493,True,0.23896628091581198,0.2414096894713656,0.10288713933333332
766,20191008T135003,2019-10-08 13:50:03,0.10736138830995791,0.10736138830995791,0.10736138830995791,True,0.31376792960757366,0.3367414870149254,0.2946475577018868
767,20191009T132352,2019-10-09 13:23:52,,,,False,,,
768,20191010T135903,2019-10-10 13:59:03,,,,False,,,
769,20191011T133252,2019-10-11 13:32:52,,,,False,,,
770,20191011T141229,2019-10-11 14:12:29,,,,False,,,
771,20191012T134618,2019-10-12 13:46:18,0.14799867127659572,0.10464187,0.15351420000000002,True,0.13114424403617023,0.561259838,0.0780950564987952
772,20191014T135517,2019-10-14 13:55:17,,,,False,,,
773,20191015T132906,2019-10-15 13:29:06,,,,False,,,
774,20191015T140845,2019-10-15 14:08:45,,,,False,,,
775,20191016T134234,2019-10-16 13:42:34,0.11830936898000001,0.11553697,0.14249092,True,0.22500787319700002,0.23773155445086708,0.1369394030173913
776,20191018T135133,2019-10-18 13:51:33,0.09646141355549066,0.094112985,0.13769342,True,0.24261902797056076,0.28533610517748237,0.10026246638333336
777,20191019T132522,2019-10-19 13:25:22,,,,False,,,
778,20191019T140500,2019-10-19 14:05:00,,,,False,,,
779,20191020T133849,2019-10-20 13:38:49,,,,False,,,
780,20191022T134749,2019-10-22 13:47:49,0.11463352877462793,0.076241344,0.1538072,True,0.11320278730290574,0.483779524,0.11496062931666666
781,20191023T140116,2019-10-23 14:01:16,,,,False,,,
782,20191024T133505,2019-10-24 13:35:05,0.15143360875,0.15143360875,0.16928007,True,0.0622047238,0.11968503815,0.00503937008
783,20191025T141016,2019-10-25 14:10:16,,,,False,,,
784,20191026T134406,2019-10-26 13:44:06,,,,False,,,
785,20191027T135731,2019-10-27 13:57:31,,,,False,,,
786,20191028T133120,2019-10-28 13:31:20,,,,False,,,
787,20191029T140633,2019-10-29 14:06:33,,,,False,,,
788,20191030T134022,2019-10-30 13:40:22,0.1391766125,0.1391766125,0.16036256,True,0.23622047129999998,0.46614173000000003,0.0062992126
789,20191031T135347,2019-10-31 13:53:47,0.12460379578348627,0.10116276,0.1389935,True,0.23764790688293577,0.47597982393258426,0.10892704628975902
790,20191101T132736,2019-11-01 13:27:36,,,,False,,,
791,20191102T140249,2019-11-02 14:02:49,,,,False,,,
792,20191103T133638,2019-11-03 13:36:38,0.16028874781250002,0.1577624,0.16028874781250002,True,0.0163385831875,0.0163385831875,0.006502412967741933
793,20191104T135002,2019-11-04 13:50:02,0.13212971638482382,0.10707725,0.13575244,True,0.24686426072249323,0.5406824045833333,0.17177887209896195
794,20191105T132351,2019-11-05 13:23:51,,,,False,,,
795,20191106T135905,2019-11-06 13:59:05,,,,False,,,
796,20191107T133255,2019-11-07 13:32:55,,,,False,,,
797,20191107T141228,2019-11-07 14:12:28,,,,False,,,
798,20191108T134617,2019-11-08 13:46:17,0.15157905909090907,0.12273324,0.16191901,True,0.14688618369090908,0.4508436414285714,0.005039370080000002
799,20191110T135522,2019-11-10 13:55:22,,,,False,,,
800,20191111T132911,2019-11-11 13:29:11,,,,False,,,
801,20191111T140843,2019-11-11 14:08:43,,,,False,,,
802,20191112T134232,2019-11-12 13:42:32,,,,False,,,
803,20191114T135138,2019-11-14 13:51:38,,,,False,,,
804,20191115T132527,2019-11-15 13:25:27,,,,False,,,
805,20191115T140458,2019-11-15 14:04:58,,,,False,,,
806,20191116T133847,2019-11-16 13:38:47,,,,False,,,
807,20191118T134754,2019-11-18 13:47:54,,,,False,,,
808,20191119T140113,2019-11-19 14:01:13,,,,False,,,
809,20191120T133502,2019-11-20 13:35:02,,,,False,,,
810,20191121T141020,2019-11-21 14:10:20,,,,False,,,
811,20191122T134409,2019-11-22 13:44:09,,,,False,,,
812,20191123T135728,2019-11-23 13:57:28,,,,False,,,
813,20191124T133117,2019-11-24 13:31:17,0.14933415924731183,0.14933415924731183,0.15009004,True,0.022284310978494624,0.022747156342222224,0.006229221344444445
814,20191125T140636,2019-11-25 14:06:36,,,,False,,,
815,20191126T134025,2019-11-26 13:40:25,0.14373194451612906,0.11495102,0.15287332,True,0.10546100859354841,0.41934757142857154,0.013910761100000002
816,20191127T135343,2019-11-27 13:53:43,,,,False,,,
817,20191128T132732,2019-11-28 13:27:32,,,,False,,,
818,20191129T140252,2019-11-29 14:02:52,,,,False,,,
819,20191130T133641,2019-11-30 13:36:41,,,,False,,,
820,20191201T134958,2019-12-01 13:49:58,0.13010346266666667,0.11480453,0.15917234,True,0.26404198855,0.381889755,0.02834645565
821,20191202T132347,2019-12-02 13:23:47,,,,False,,,
822,20191203T135907,2019-12-03 13:59:07,,,,False,,,
823,20191204T133256,2019-12-04 13:32:56,,,,False,,,
824,20191204T141224,2019-12-04 14:12:24,,,,False,,,
825,20191205T134613,2019-12-05 13:46:13,0.17843562,,,False,0.0,,
826,20191207T135523,2019-12-07 13:55:23,0.1438229091612903,0.12207404,0.17380291,True,0.2588773170193548,0.4512035982857143,0.009565470933333334
827,20191208T132912,2019-12-08 13:29:12,,,,False,,,
828,20191208T140839,2019-12-08 14:08:39,,,,False,,,
829,20191209T134228,2019-12-09 13:42:28,0.16418609619047617,0.16158941,0.16418609619047617,True,0.008698912647619048,0.009283050157894737,0.00440944878
830,20191211T135138,2019-12-11 13:51:38,0.1765679,,,False,0.0,,
831,20191212T132527,2019-12-12 13:25:27,,,,False,,,
832,20191212T140454,2019-12-12 14:04:54,,,,False,,,
833,20191213T133844,2019-12-13 13:38:44,0.1595119829032258,0.1595119829032258,0.1595119829032258,True,0.011988823977419355,0.01217847769,0.011988823977419355
834,20191215T134754,2019-12-15 13:47:54,0.12580468673684211,0.10965911,0.12580468673684211,True,0.2708661382947368,0.42099737,0.15977093614545454
835,20191216T140111,2019-12-16 14:01:11,,,,False,,,
836,20191217T133500,2019-12-17 13:35:00,0.18900113,,,False,0.0062992126,,
837,20191218T141020,2019-12-18 14:10:20,,,,False,,,
838,20191219T134409,2019-12-19 13:44:09,,,,False,,,
839,20191220T135727,2019-12-20 13:57:27,,,,False,,,
840,20191221T133116,2019-12-21 13:31:16,,,,False,,,
841,20191222T140636,2019-12-22 14:06:36,,,,False,,,
842,20191223T134025,2019-12-23 13:40:25,,,,False,,,
843,20191224T135343,2019-12-24 13:53:43,0.10863408704347831,0.10169378,0.17504807,True,0.2801780192434783,0.3023622028205128,0.0346456688
844,20191225T132732,2019-12-25 13:27:32,,,,False,,,
845,20191226T140251,2019-12-26 14:02:51,,,,False,,,
846,20191227T133640,2019-12-27 13:36:40,,,,False,,,
847,20191228T134959,2019-12-28 13:49:59,0.14432098920000003,0.09804987,0.15583973,True,0.06317210260571429,0.2582677116666667,0.006765820933333333
848,20191229T132348,2019-12-29 13:23:48,,,,False,,,
849,20191230T135906,2019-12-30 13:59:06,,,,False,,,
850,20191231T133256,2019-12-31 13:32:56,0.17784967499999998,,,False,0.0062992126,,
851,20191231T141226,2019-12-31 14:12:26,,,,False,,,
852,20200101T134615,2020-01-01 13:46:15,0.1810815825,0.1810815825,0.18645589,True,0.00787401565,0.00787401565,0.00839895
853,20200103T135522,2020-01-03 13:55:22,0.14876378533333334,0.14567706,0.18381909,True,0.007019122613333335,0.00636349027346939,0.0
854,20200104T132911,2020-01-04 13:29:11,0.16093020705882355,0.16093020705882355,0.16671652,True,0.015562760082352944,0.015562760082352944,0.006719160093333337
855,20200104T140842,2020-01-04 14:08:42,,,,False,,,
856,20200105T134231,2020-01-05 13:42:31,0.15332405615384617,0.15332405615384617,0.15452132,True,0.019382192480769236,0.019653543168000002,0.00818897638
857,20200107T135137,2020-01-07 13:51:37,0.14596959301204818,0.09173254,0.18257393,True,0.03172374521927711,0.32755905,0.0052493438666666664
858,20200108T132526,2020-01-08 13:25:26,,,,False,,,
859,20200108T140458,2020-01-08 14:04:58,,,,False,,,
860,20200109T133847,2020-01-09 13:38:47,0.17405363884615382,0.17405363884615382,0.17426069,True,0.005087825546153845,0.005087825546153845,0.005087825546153845
861,20200111T134752,2020-01-11 13:47:52,,,,False,,,
862,20200112T140114,2020-01-12 14:01:14,,,,False,,,
863,20200113T133503,2020-01-13 13:35:03,,,,False,,,
864,20200114T141019,2020-01-14 14:10:19,,,,False,,,
865,20200115T134408,2020-01-15 13:44:08,0.16035646,0.15796381,0.16035646,True,0.00979877508888889,0.00979877508888889,0.00979877508888889
866,20200116T135730,2020-01-16 13:57:30,,,,False,,,
867,20200117T133119,2020-01-17 13:31:19,,,,False,,,
868,20200118T140634,2020-01-18 14:06:34,,,,False,,,
869,20200119T134023,2020-01-19 13:40:23,,,,False,,,
870,20200120T135345,2020-01-20 13:53:45,,,,False,,,
871,20200121T132735,2020-01-21 13:27:35,,,,False,,,
872,20200122T140249,2020-01-22 14:02:49,,,,False,,,
873,20200123T133638,2020-01-23 13:36:38,0.15839764153846153,0.15761589999999998,0.15839764153846153,True,0.010175651061538461,0.010175651061538461,0.010175651061538461
874,20200124T135001,2020-01-24 13:50:01,0.15264776204545455,0.15264776204545455,0.1538072,True,0.005297065136363636,0.005297065136363636,0.005127266069767442
875,20200125T132350,2020-01-25 13:23:50,,,,False,,,
876,20200126T135904,2020-01-26 13:59:04,0.1342391702631579,0.1342391702631579,0.15527208,True,0.05244923321894737,0.05461624978681319,0.0045812455272727275
877,20200127T133253,2020-01-27 13:32:53,0.15933714,,,False,0.0031496063,,
878,20200127T141228,2020-01-27 14:12:28,,,,False,,,
879,20200128T134617,2020-01-28 13:46:17,,,,False,,,
880,20200130T135519,2020-01-30 13:55:19,0.11118379126530613,0.0865505,0.12196417,True,0.20980234287346938,0.2757655238888888,0.1270341192
881,20200131T132908,2020-01-31 13:29:08,,,,False,,,
882,20200131T140843,2020-01-31 14:08:43,,,,False,,,
883,20200201T134232,2020-02-01 13:42:32,0.13875143904878048,0.13326213,0.13875143904878048,True,0.1187119902,0.13136335480674158,0.08871881677196262
884,20200203T135134,2020-02-03 13:51:34,0.11090427,,,False,0.26456693,,
885,20200204T132523,2020-02-04 13:25:23,,,,False,,,
886,20200204T140459,2020-02-04 14:04:59,,,,False,,,
887,20200205T133848,2020-02-05 13:38:48,,,,False,,,
888,20200207T134750,2020-02-07 13:47:50,,,,False,,,
889,20200208T140115,2020-02-08 14:01:15,,,,False,,,
890,20200209T133504,2020-02-09 13:35:04,0.16572772,,,False,0.0062992126,,
891,20200210T141017,2020-02-10 14:10:17,,,,False,,,
892,20200211T134406,2020-02-11 13:44:06,,,,False,,,
893,20200212T135730,2020-02-12 13:57:30,,,,False,,,
894,20200213T133119,2020-02-13 13:31:19,,,,False,,,
895,20200214T140633,2020-02-14 14:06:33,,,,False,,,
896,20200215T134022,2020-02-15 13:40:22,0.11474906802536232,0.10960418,0.14265573,True,0.20152915477826086,0.23326092629310344,0.024746906638095242
897,20200216T135345,2020-02-16 13:53:45,,,,False,,,
898,20200217T132735,2020-02-17 13:27:35,,,,False,,,
899,20200218T140249,2020-02-18 14:02:49,,,,False,,,
900,20200219T133638,2020-02-19 13:36:38,,,,False,,,
901,20200220T135001,2020-02-20 13:50:01,,,,False,,,
902,20200221T132350,2020-02-21 13:23:50,,,,False,,,
903,20200222T135905,2020-02-22 13:59:05,,,,False,,,
904,20200223T133255,2020-02-23 13:32:55,0.19890744000000002,0.19176611,0.19890744000000002,True,0.0020997375333333336,0.0,0.0031496063
905,20200223T141227,2020-02-23 14:12:27,,,,False,,,
906,20200224T134616,2020-02-24 13:46:16,0.1243114842857143,0.11506089,0.14750817,True,0.38815147533333333,0.49133857533333336,0.13018372533333333
907,20200226T135521,2020-02-26 13:55:21,,,,False,,,
908,20200227T132911,2020-02-27 13:29:11,,,,False,,,
909,20200227T140842,2020-02-27 14:08:42,,,,False,,,
910,20200228T134231,2020-02-28 13:42:31,,,,False,,,
911,20200301T135137,2020-03-01 13:51:37,0.11721551031125829,0.103360094,0.120133065,True,0.14986285505748345,0.3882327140944445,0.09893351898227849
912,20200302T132527,2020-03-02 13:25:27,,,,False,,,
913,20200302T140458,2020-03-02 14:04:58,,,,False,,,
914,20200303T133847,2020-03-03 13:38:47,0.17017731,,,False,0.0,,
915,20200305T134753,2020-03-05 13:47:53,,,,False,,,
916,20200306T140113,2020-03-06 14:01:13,,,,False,,,
917,20200307T133502,2020-03-07 13:35:02,0.19285562,,,False,0.0031496063,,
918,20200308T141020,2020-03-08 14:10:20,,,,False,,,
919,20200309T134409,2020-03-09 13:44:09,,,,False,,,
920,20200310T135728,2020-03-10 13:57:28,,,,False,,,
921,20200311T133117,2020-03-11 13:31:17,,,,False,,,
922,20200312T140636,2020-03-12 14:06:36,,,,False,,,
923,20200313T134025,2020-03-13 13:40:25,0.1271169201777778,0.11094089,0.1271169201777778,True,0.2710061221377778,0.4574197423076924,0.21687288874857147
924,20200314T135344,2020-03-14 13:53:44,,,,False,,,
925,20200315T132734,2020-03-15 13:27:34,,,,False,,,
926,20200316T140252,2020-03-16 14:02:52,,,,False,,,
927,20200317T133641,2020-03-17 13:36:41,,,,False,,,
928,20200318T135001,2020-03-18 13:50:01,,,,False,,,
929,20200319T132350,2020-03-19 13:23:50,,,,False,,,
930,20200320T135908,2020-03-20 13:59:08,,,,False,,,
931,20200321T133257,2020-03-21 13:32:57,0.15949736083333335,0.15415510000000002,0.16755883,True,0.005774278216666668,0.005774278216666668,0.00572655690909091
932,20200321T141228,2020-03-21 14:12:28,,,,False,,,
933,20200322T134618,2020-03-22 13:46:18,0.13452321317000002,0.13452321317000002,0.13840754,True,0.12793700792600002,0.172562937,0.07244094489117649
934,20200324T135523,2020-03-24 13:55:23,0.12790612769603524,0.11994995,0.13630177,True,0.06560060994361233,0.08382122885365856,0.050103311296453894
935,20200325T132912,2020-03-25 13:29:12,0.13747415066666666,0.13747415066666666,0.14172186,True,0.01809004646666667,0.01809004646666667,0.009162491018181817
936,20200325T140845,2020-03-25 14:08:45,,,,False,,,
937,20200326T134234,2020-03-26 13:42:34,0.13001755983088237,0.12667012,0.13001755983088237,True,0.08351088430294118,0.11064161484950497,0.052775755589915964
938,20200328T135139,2020-03-28 13:51:39,0.13725095826530612,0.12214728400000001,0.15790887,True,0.20967378662857145,0.35050617975000004,0.02154993741052632
939,20200329T132528,2020-03-29 13:25:28,,,,False,,,
940,20200329T140501,2020-03-29 14:05:01,,,,False,,,
941,20200330T133850,2020-03-30 13:38:50,,,,False,,,
