,Date,B1-400,B2-412.5,B3-442.5,B4-490,B5-510,B6-560,B7-620,B8-665,B9-673.75,B10-681.25,B11-708.75,B12-753.75,B16-778.75,B17-865,B18-885,B21-1020,filename
0,20190309T141223,-0.022173687321739136,-0.01634836662608696,0.002863168048565216,0.02643433816521739,0.03863988393478261,0.07309820192608694,0.08608157157391305,0.09185593897826086,0.0931034827173913,0.09487329081739132,0.11909967891304346,0.15785871869565218,0.1554647411304348,0.151440278135,0.15099125921304352,0.14082859569565215,S3A_OL_2_WFR____20190309T141223_20190309T141523_20190310T211622_0179_042_167_3060_MAR_O_NT_002_subset.txt
1,20190310T134612,0.011261866623252913,0.010895833525318699,0.02063939750348387,0.036681438483225824,0.04677622123135483,0.07718737694012902,0.09871424420007723,0.10779064594167745,0.11011844817600001,0.11147845543096775,0.10598888038064512,0.06892821773574197,0.07046514548387102,0.05034275221497672,0.045861965332709684,0.03506082273495485,S3A_OL_2_WFR____20190310T134612_20190310T134912_20190311T222357_0180_042_181_3060_MAR_O_NT_002_subset.txt
2,20190313T140838,-0.008955146283333335,-0.011856439139722223,-0.008542129620833337,0.0015864547652777719,0.008190150991666676,0.026576028286111116,0.036195462736111114,0.04082868086666666,0.04209062105277776,0.043193865399999996,0.0510615371963889,0.06512802746388889,0.0777845614472222,0.06985788789244446,0.06676839818777779,0.06584012494166666,S3A_OL_2_WFR____20190313T140838_20190313T141138_20190314T214804_0179_042_224_3060_MAR_O_NT_002_subset.txt
3,20190314T134227,0.009324534624789193,0.010286413915626902,0.018333540497291155,0.034556568627319005,0.043855973753142506,0.07140145665260941,0.09088917858866342,0.09922026568087497,0.10107928733134446,0.1022915640743834,0.09930782965091492,0.06783304872920454,0.0703340370336039,0.05184624420893867,0.04703356983118539,0.03485305721015114,S3A_OL_2_WFR____20190314T134227_20190314T134527_20190315T222121_0179_042_238_3060_MAR_O_NT_002_subset.txt
4,20190317T140455,0.0666909620680019,0.06416661192154745,0.06885995815251708,0.07659271492801177,0.08243754483775713,0.10251704468003907,0.1171125920910626,0.12345849298973555,0.12519114330585707,0.1257604561147405,0.11963789255537711,0.0954628028701274,0.10139603174946143,0.08363587306923703,0.07873538347696961,0.06255952077365226,S3A_OL_2_WFR____20190317T140455_20190317T140755_20190318T205900_0179_042_281_3060_MAR_O_NT_002_subset.txt
5,20190318T133844,0.0022311768533479397,0.0017965910853103711,0.011452931547459766,0.02775608894774683,0.036993435870805,0.06396299274266536,0.08114783449901605,0.0879425159639535,0.08945352625876578,0.09065482003177103,0.08844104326923065,0.05916174857906987,0.05976070848926651,0.041056306633865745,0.03696783636396244,0.020885345906243316,S3A_OL_2_WFR____20190318T133844_20190318T134144_20190319T213345_0179_042_295_3060_MAR_O_NT_002_subset.txt
6,20190319T141408,,,,,,,,,,,,,,,,,S3B_OL_2_WFR____20190319T141408_20190319T141708_20190320T210620_0179_023_167_3060_MAR_O_NT_002_subset.txt
7,20190320T134757,0.034007527208196726,0.03252853012622951,0.035530951201639335,0.04563778086885246,0.05226490096721311,0.07561456313114755,0.09020070920409838,0.0960584627557377,0.09729431111311473,0.09805917444262295,0.09604195210491803,0.07695727660163935,0.08183433510983608,0.06335032405506556,0.058690597988524586,0.058999785454098376,S3B_OL_2_WFR____20190320T134757_20190320T135057_20190321T224821_0179_023_181_3060_MAR_O_NT_002_subset.txt
8,20190321T140111,,,,,,,,,,,,,,,,,S3A_OL_2_WFR____20190321T140111_20190321T140411_20190322T231105_0179_042_338_3060_MAR_O_NT_002_subset.txt
9,20190322T133501,-0.013641772733333335,-0.013995787566666666,0.006262399333333332,0.030726037666333333,0.042951751333333336,0.08066652666666667,0.09660939666666667,0.10480056,0.10722373333333333,0.10905484500000001,0.12310556666666667,0.14905851,0.14023255333333332,0.13014313333333336,0.12576067999999999,0.14071475,S3A_OL_2_WFR____20190322T133501_20190322T133801_20190323T225416_0179_042_352_3060_MAR_O_NT_002_subset.txt
10,20190323T141024,0.03039375899734966,0.033535846635412044,0.04302059192224944,0.05715913104220487,0.06476154337830735,0.08675689301312475,0.10006617128289534,0.10613350942576831,0.10711965833084626,0.10782065991603568,0.11039102506881954,0.09801777454440982,0.10275537572850782,0.09086127222326275,0.08839074098295104,0.08554990964913142,S3B_OL_2_WFR____20190323T141024_20190323T141324_20190324T210000_0179_023_224_3060_MAR_O_NT_002_subset.txt
11,20190324T134413,0.05001485849208592,0.04682853876952967,0.04208532574513292,0.051966657562781224,0.05701861310411041,0.07943163161411043,0.09479693357981792,0.10163293010020437,0.1028754639775051,0.10349777942535796,0.09847098785480576,0.07078523207075667,0.07067150842597139,0.05567284044582216,0.05215070471905931,0.04977329412004088,S3B_OL_2_WFR____20190324T134413_20190324T134713_20190325T230419_0179_023_238_3060_MAR_O_NT_002_subset.txt
12,20190325T135728,,,,,,,,,,,,,,,,,S3A_OL_2_WFR____20190325T135728_20190325T140028_20190326T224511_0179_043_010_3060_MAR_O_NT_002_subset.txt
13,20190326T133117,-0.004865352729074796,-0.0051910903880867665,0.006180243444158561,0.02381393430536277,0.03506910143032158,0.06392413129902025,0.08298577352931943,0.09139484416009713,0.09312236095086027,0.09414786484846686,0.09288920587853405,0.0602760987935646,0.06025088512774885,0.04198279724641203,0.037695546813208684,0.02695588451204192,S3A_OL_2_WFR____20190326T133117_20190326T133417_20190327T220644_0179_043_024_3060_MAR_O_NT_002_subset.txt
14,20190327T140640,0.05445548697618665,0.05688530462585937,0.06549041556639368,0.07987826997765145,0.08764970104795426,0.11055684992068726,0.12696701711153857,0.13455899362670984,0.13571006112880538,0.13634116463608836,0.13178053047463195,0.10003214466697223,0.10556214340949253,0.08878942503690665,0.08529067022438626,0.07735992348298697,S3B_OL_2_WFR____20190327T140640_20190327T140940_20190328T223826_0179_023_281_3060_MAR_O_NT_002_subset.txt
15,20190328T134029,0.0008868085130881684,0.0026245696576993184,0.007080226166273537,0.022043821936812348,0.030014727789525235,0.0541135784376111,0.07146557981647274,0.07916852544988703,0.08032892787784468,0.08102832380044842,0.07729203032803314,0.04328175197481158,0.04315550610067821,0.029350477585512562,0.025896357210768647,0.020260800398528254,S3B_OL_2_WFR____20190328T134029_20190328T134329_20190329T192306_0179_023_295_3060_MAR_O_NT_002_subset.txt
16,20190329T135344,,,,,,,,,,,,,,,,,S3A_OL_2_WFR____20190329T135344_20190329T135644_20190330T223455_0179_043_067_3060_MAR_O_NT_002_subset.txt
17,20190330T132734,,,,,,,,,,,,,,,,,S3A_OL_2_WFR____20190330T132734_20190330T133034_20190331T220012_0179_043_081_3060_MAR_O_NT_002_subset.txt
18,20190331T140256,-0.005284145861747574,-0.0038555237266019444,0.002864829494854369,0.017471759004466018,0.024857890042718427,0.04686623992912621,0.05973983649029127,0.06554232338961168,0.06644596735533978,0.06689681172524271,0.06432507920194175,0.048950327745631066,0.055827837188349556,0.04259192978322327,0.039306242048640784,0.04167797428349514,S3B_OL_2_WFR____20190331T140256_20190331T140556_20190401T204718_0179_023_338_3060_MAR_O_NT_002_subset.txt
19,20190401T133645,-0.009262249578014418,-0.008237502590264427,-0.007426077025657056,0.007275129435921466,0.015158089956855744,0.04054466309264423,0.05796791531129798,0.06476548775592948,0.06599846504767636,0.06691635322972743,0.06502096298798876,0.030271296288421547,0.025171227734503202,0.01622491723441508,0.013750276934126622,0.006516671035562496,S3B_OL_2_WFR____20190401T133645_20190401T133945_20190402T194737_0180_023_352_3060_MAR_O_NT_002_subset.txt
20,20190402T135001,0.004140252414409452,0.0031746947848976348,0.0089175190970315,0.022238344040236217,0.030460693874677165,0.05460894802392124,0.07053208399803151,0.07720522767159056,0.07864324072525976,0.0794043772104094,0.07691651785322835,0.0530453237111339,0.05589444526566925,0.04142673942822994,0.03719130874071654,0.03043217476187875,S3A_OL_2_WFR____20190402T135001_20190402T135301_20190403T202417_0180_043_124_3060_MAR_O_NT_002_subset.txt
21,20190403T132350,,,,,,,,,,,,,,,,,S3A_OL_2_WFR____20190403T132350_20190403T132650_20190404T224416_0180_043_138_3060_MAR_O_NT_002_subset.txt
22,20190404T135911,,,,,,,,,,,,,,,,,S3B_OL_2_WFR____20190404T135911_20190404T140211_20190405T223919_0179_024_010_3060_MAR_O_NT_002_subset.txt
23,20190405T133300,0.053576262222222226,0.05178991244444445,0.05438601844444444,0.06279081744444444,0.0695394778888889,0.09267250777777779,0.0959766451111111,0.09892066444444444,0.09896542555555556,0.09953306977777777,0.12533341622222224,0.15977457622222221,0.14014506744444444,0.13357544933333332,0.1321939817777778,0.16183151944444443,S3B_OL_2_WFR____20190405T133300_20190405T133600_20190406T211825_0179_024_024_3060_MAR_O_NT_002_subset.txt
24,20190405T141228,0.07164986562589928,0.06895009728776978,0.07255540910935251,0.0793683263791367,0.08475468934448195,0.10326392457553954,0.11500529522661875,0.12044040036834533,0.12203728796546764,0.12310710382014384,0.12170281273381293,0.1070603835561151,0.1119813282230216,0.09509690746118706,0.0911779362241007,0.07712488634172661,S3A_OL_2_WFR____20190405T141228_20190405T141528_20190406T232914_0179_043_167_3060_MAR_O_NT_002_subset.txt
25,20190406T134617,-0.0035441901377802967,-0.0036597180498618345,0.0049142551460702195,0.018966774344677275,0.027564201606228758,0.05300836470027181,0.0686228234424235,0.07507001253280865,0.07689432127244616,0.07788050784462051,0.07437350607780299,0.049539664761755475,0.05094827192899205,0.03397532818056851,0.030065896729241228,0.01995049348578711,S3A_OL_2_WFR____20190406T134617_20190406T134917_20190407T225120_0179_043_181_3060_MAR_O_NT_002_subset.txt
26,20190408T135527,,,,,,,,,,,,,,,,,S3B_OL_2_WFR____20190408T135527_20190408T135827_20190409T223814_0179_024_067_3060_MAR_O_NT_002_subset.txt
27,20190409T132916,,,,,,,,,,,,,,,,,S3B_OL_2_WFR____20190409T132916_20190409T133216_20190410T222838_0179_024_081_3060_MAR_O_NT_002_subset.txt
28,20190409T140844,,,,,,,,,,,,,,,,,S3A_OL_2_WFR____20190409T140844_20190409T141144_20190410T222946_0179_043_224_3060_MAR_O_NT_002_subset.txt
29,20190410T134233,0.00626326217739058,0.006338063381249164,0.009389606168831638,0.024170799436936015,0.03168726189493349,0.05834573534524414,0.07543110707668357,0.08175463476725578,0.08353654596380461,0.08442538972306406,0.0765269681119528,0.04832100586974751,0.04949411892264311,0.03272894490672301,0.028550082406329984,0.0150912653404714,S3A_OL_2_WFR____20190410T134233_20190410T134533_20190411T220636_0179_043_238_3060_MAR_O_NT_002_subset.txt
30,20190412T135143,,,,,,,,,,,,,,,,,S3B_OL_2_WFR____20190412T135143_20190412T135443_20190413T201149_0179_024_124_3060_MAR_O_NT_002_subset.txt
31,20190413T132532,0.014079196258762892,0.01543950387031185,0.02002138615309278,0.031235664430927804,0.03956363096365979,0.06288121989724225,0.07865298121623714,0.08574532580335056,0.08683436455231953,0.0873715220703608,0.08363501814561856,0.05053877923067008,0.054488031882474156,0.03560649707546912,0.03128639760948456,0.020897534785824762,S3B_OL_2_WFR____20190413T132532_20190413T132832_20190414T230718_0179_024_138_3060_MAR_O_NT_002_subset.txt
32,20190413T140500,0.008742429675209867,0.009520033851037795,0.01893656329349463,0.033414000885387984,0.04215481100172732,0.06677101648704434,0.08474888986460197,0.09248923667985143,0.09396554186201081,0.09474402335560038,0.08729939732341431,0.04693709858127527,0.05035763049055329,0.03246168741439411,0.028418750853097148,0.015637376457334682,S3A_OL_2_WFR____20190413T140500_20190413T140800_20190414T215002_0179_043_281_3060_MAR_O_NT_002_subset.txt
33,20190414T133849,-0.003503421307130381,-0.0035853472797691827,0.0001910242224391756,0.014928083419107913,0.023446905659089187,0.04902479057563936,0.06648999889835315,0.07332136659525888,0.07468981051329988,0.07586731859697433,0.07133529128059879,0.03393637080617592,0.02883541983431063,0.01783675060098563,0.014954173542401758,0.00316224390561447,S3A_OL_2_WFR____20190414T133849_20190414T134149_20190415T223334_0180_043_295_3060_MAR_O_NT_002_subset.txt
34,20190415T141409,,,,,,,,,,,,,,,,,S3B_OL_2_WFR____20190415T141409_20190415T141709_20190416T231639_0179_024_167_3060_MAR_O_NT_002_subset.txt
35,20190416T134758,0.0007398480077614053,0.0034977008001221815,0.006036244157559464,0.01846813096805982,0.025277471930332522,0.048516608854057855,0.06372847487948549,0.06935654351010924,0.07050263024927138,0.0711828731774469,0.0648925901583923,0.03303070038856592,0.033469130674077155,0.02048809913048102,0.017505696892746603,0.011014957351005166,S3B_OL_2_WFR____20190416T134758_20190416T135058_20190417T194948_0179_024_181_3060_MAR_O_NT_002_subset.txt
36,20190417T140116,-0.02377486598028988,-0.020692264389125307,-0.007880106729433276,0.010128409314052374,0.019471639753403987,0.04555885837569818,0.06346094422233169,0.07069146795675821,0.07229770794918952,0.07324599265535539,0.0660319762950748,0.03465132977620326,0.038774125495885284,0.02329387767968079,0.01986616191602244,0.009069196340236906,S3A_OL_2_WFR____20190417T140116_20190417T140416_20190418T212304_0179_043_338_3060_MAR_O_NT_002_subset.txt
37,20190418T133506,0.010533077197770434,0.009057099680718923,0.01646254748232524,0.029768995033988242,0.03880326903192714,0.06439892111836264,0.08034228912235693,0.08688330200485658,0.08848294363664477,0.08932297737660048,0.08298781967740988,0.051172387444944824,0.052188458495805765,0.03466320746940766,0.030995596665944793,0.02468740042853567,S3A_OL_2_WFR____20190418T133506_20190418T133806_20190419T230408_0179_043_352_3060_MAR_O_NT_002_subset.txt
38,20190419T141025,-0.012057322998015246,-0.008754180346752469,-0.0002115977573004512,0.014806530766349782,0.022841936800648475,0.04703271446353096,0.06256787319796858,0.06917144911955156,0.07051467967457395,0.07127885239799102,0.0657036047626368,0.038511481072017975,0.04374776768439462,0.030222330814092358,0.02715299527348339,0.02469909359225107,S3B_OL_2_WFR____20190419T141025_20190419T141325_20190420T222059_0179_024_224_3060_MAR_O_NT_002_subset.txt
39,20190420T134414,,,,,,,,,,,,,,,,,S3B_OL_2_WFR____20190420T134414_20190420T134714_20190421T203823_0180_024_238_3060_MAR_O_NT_002_subset.txt
40,20190421T135732,,,,,,,,,,,,,,,,,S3A_OL_2_WFR____20190421T135732_20190421T140032_20190422T221041_0179_044_010_3060_MAR_O_NT_002_subset.txt
41,20190422T133122,,,,,,,,,,,,,,,,,S3A_OL_2_WFR____20190422T133122_20190422T133422_20190423T215951_0179_044_024_3060_MAR_O_NT_002_subset.txt
42,20190423T140640,0.048675644408347846,0.04736265882000003,0.04685981945130433,0.053379528793043474,0.05816732535826089,0.07700197015826088,0.08975366433391303,0.09637766735686955,0.09779096715043475,0.09831227616260872,0.09453445619608696,0.07774364937826085,0.0874900939686957,0.07236448300835654,0.06859796861130435,0.0766548552547826,S3B_OL_2_WFR____20190423T140640_20190423T140940_20190424T202127_0179_024_281_3060_MAR_O_NT_002_subset.txt
43,20190424T134029,,,,,,,,,,,,,,,,,S3B_OL_2_WFR____20190424T134029_20190424T134329_20190425T221344_0179_024_295_3060_MAR_O_NT_002_subset.txt
44,20190425T135348,0.00227980784341634,0.0018216849110314183,0.0034445408706912806,0.01463901330151924,0.021060486566821697,0.04148585653542025,0.055773452996465106,0.06156332979835034,0.06275532078853105,0.0635568094076198,0.05638902538719551,0.022478151695176734,0.01793233691254518,0.010755577255127262,0.009098889591205825,0.0012212590500863933,S3A_OL_2_WFR____20190425T135348_20190425T135648_20190426T231953_0179_044_067_3060_MAR_O_NT_002_subset.txt
45,20190426T132738,,,,,,,,,,,,,,,,,S3A_OL_2_WFR____20190426T132738_20190426T133038_20190427T210231_0179_044_081_3060_MAR_O_NT_002_subset.txt
46,20190427T140255,,,,,,,,,,,,,,,,,S3B_OL_2_WFR____20190427T140255_20190427T140555_20190428T192057_0179_024_338_3060_MAR_O_NT_002_subset.txt
47,20190428T133644,0.0274903249233918,0.024846244006374276,0.02180713583777778,0.027903984491812868,0.03458068503116959,0.05738400892479535,0.07035694576842107,0.07609453266497081,0.07735296600701753,0.077651190625731,0.07120150545380116,0.046012918999064324,0.047272637505964915,0.03405126932025729,0.031054994048350874,0.05083901990058482,S3B_OL_2_WFR____20190428T133644_20190428T133944_20190429T224445_0179_024_352_3060_MAR_O_NT_002_subset.txt
48,20190429T135004,,,,,,,,,,,,,,,,,S3A_OL_2_WFR____20190429T135004_20190429T135304_20190430T223659_0179_044_124_3060_MAR_O_NT_002_subset.txt
49,20190430T132354,,,,,,,,,,,,,,,,,S3A_OL_2_WFR____20190430T132354_20190430T132654_20190501T214159_0179_044_138_3060_MAR_O_NT_002_subset.txt
50,20190501T135911,,,,,,,,,,,,,,,,,S3B_OL_2_WFR____20190501T135911_20190501T140211_20190502T200605_0179_025_010_3060_MAR_O_NT_002_subset.txt
51,20190502T133300,0.0045095467504999995,0.0038379215016428555,0.005581269540078572,0.01604502049571429,0.023295956630214283,0.04789614259749998,0.06190387696899999,0.06809499304214285,0.0695052100102143,0.06972978249657143,0.06138554248592858,0.03994245258857144,0.041589797999285714,0.02861454828757143,0.02544881956014286,0.04036112277142857,S3B_OL_2_WFR____20190502T133300_20190502T133600_20190503T191830_0179_025_024_3060_MAR_O_NT_002_subset.txt
52,20190502T141231,-0.013078566636363632,-0.014694938363636367,-0.0070259150000000015,0.007987528363636366,0.016330732636363633,0.04180314611818182,0.055907690999999995,0.06322381186363636,0.06541282215909092,0.06668294413636365,0.06748364065090909,0.06797138072727273,0.08399692987272728,0.06949619628218182,0.0654993831090909,0.07096607863636363,S3A_OL_2_WFR____20190502T141231_20190502T141531_20190504T001735_0179_044_167_3060_MAR_O_NT_002_subset.txt
53,20190503T134620,-0.0016782289474222378,-0.0030642439345290626,0.00047019876074854555,0.010688022131026898,0.017260857487482576,0.036813326182209345,0.04940866564744182,0.05430579533658433,0.055490188465420164,0.05622118223375722,0.04971202320801088,0.020133558694630096,0.016806247128415715,0.009979597984756583,0.008307897764927314,0.007032334966252901,S3A_OL_2_WFR____20190503T134620_20190503T134920_20190505T025017_0179_044_181_3060_MAR_O_NT_002_subset.txt
54,20190505T135526,0.0008562307315802995,0.004019192849806775,0.006710236154003775,0.016292883690188203,0.021616763117772896,0.040351092266662565,0.051986640009768,0.056057770928042656,0.057163708809284855,0.05770427715558347,0.05002434188808034,0.021546896015200753,0.022550238927603543,0.01259506268537143,0.010485850708264109,0.005869682887496868,S3B_OL_2_WFR____20190505T135526_20190505T135826_20190506T204618_0179_025_067_3060_MAR_O_NT_002_subset.txt
55,20190506T132915,-0.0066200993543378845,-0.00809792434130034,-0.010600983771583618,-0.004708182325109217,0.00208655030075085,0.022489872012457335,0.033564966386006825,0.039651003031228704,0.0406366781288225,0.04097965188368604,0.041222446091945364,0.028645215879976118,0.03172591900716726,0.021837296850440266,0.01926980474897954,0.035232089402730406,S3B_OL_2_WFR____20190506T132915_20190506T133215_20190507T223829_0180_025_081_3060_MAR_O_NT_002_subset.txt
56,20190506T140847,0.013276509636991516,0.0071980757487288246,0.006937840949915252,0.013061742155932188,0.018546771853093218,0.03610820894716105,0.047033731945593196,0.05277550509618222,0.05404983370584746,0.05492030969915252,0.053166012620826264,0.04210579428538138,0.0471227268415254,0.03604070604999154,0.03304730562387713,0.0424456358809322,S3A_OL_2_WFR____20190506T140847_20190506T141147_20190507T205451_0179_044_224_3060_MAR_O_NT_002_subset.txt
57,20190507T134236,,,,,,,,,,,,,,,,,S3A_OL_2_WFR____20190507T134236_20190507T134536_20190508T220956_0179_044_238_3060_MAR_O_NT_002_subset.txt
58,20190509T135141,0.003589501195089871,0.005590198990138885,0.008440597889579253,0.01737448780013887,0.023218094257587394,0.041552388439967294,0.05321765503753275,0.057932914413317035,0.05895417751895424,0.059482162806944405,0.05299189285163395,0.02408691434543297,0.02371793959419936,0.015225490976420926,0.013160883904509792,0.013989730701437922,S3B_OL_2_WFR____20190509T135141_20190509T135441_20190510T193200_0179_025_124_3060_MAR_O_NT_002_subset.txt
59,20190510T132530,,,,,,,,,,,,,,,,,S3B_OL_2_WFR____20190510T132530_20190510T132830_20190511T220239_0179_025_138_3060_MAR_O_NT_002_subset.txt
60,20190510T140503,-0.018444165133333336,-0.02107608306666666,-0.014557329133333331,-0.002849207800000005,0.0036353658666666722,0.02546708803333333,0.039809566293333334,0.047214577046666664,0.049335003319999994,0.049927062,0.04362804276,0.034058658246666665,0.04683004392666667,0.03636585794446667,0.032641378000000006,0.038896452459999994,S3A_OL_2_WFR____20190510T140503_20190510T140803_20190511T235103_0179_044_281_3060_MAR_O_NT_002_subset.txt
61,20190511T133852,,,,,,,,,,,,,,,,,S3A_OL_2_WFR____20190511T133852_20190511T134152_20190512T222102_0180_044_295_3060_MAR_O_NT_002_subset.txt
62,20190512T141407,,,,,,,,,,,,,,,,,S3B_OL_2_WFR____20190512T141407_20190512T141707_20190513T205858_0179_025_167_3060_MAR_O_NT_002_subset.txt
63,20190513T134756,0.003671526463894669,0.004858825059730598,0.006685063537815969,0.016176063026746103,0.021779281696330373,0.041725354355088735,0.053423897727649654,0.057921121566274957,0.05905036058116415,0.05946646120981157,0.050881699221422334,0.026413717117350317,0.028836731233481166,0.01755579062940133,0.01506617043248892,0.015529693165299337,S3B_OL_2_WFR____20190513T134756_20190513T135056_20190514T201056_0179_025_181_3060_MAR_O_NT_002_subset.txt
64,20190514T140118,,,,,,,,,,,,,,,,,S3A_OL_2_WFR____20190514T140118_20190514T140418_20190515T232652_0180_044_338_3060_MAR_O_NT_002_subset.txt
65,20190515T133507,,,,,,,,,,,,,,,,,S3A_OL_2_WFR____20190515T133507_20190515T133807_20190516T225445_0179_044_352_3060_MAR_O_NT_002_subset.txt
66,20190516T141022,0.030561597470588234,0.026629017352941178,0.020881483470588234,0.024837759870588234,0.029197956882352938,0.04757045901176471,0.05756939999999999,0.06484752629411765,0.06618854552941177,0.0670437819235294,0.06881888174705883,0.066882213,0.08149770664705881,0.06716011095882353,0.06363252954529412,0.09602703200000001,S3B_OL_2_WFR____20190516T141022_20190516T141322_20190517T221919_0179_025_224_3060_MAR_O_NT_002_subset.txt
67,20190517T134411,0.013213092922273382,0.01264839952811655,0.012081203063280572,0.019368891436244616,0.024429238191106453,0.04011521656608202,0.049838703753237394,0.054058952528896455,0.05477342821415684,0.05498523104051074,0.04912752141865468,0.027515831912929493,0.028775030074647497,0.02009027013498992,0.01809596665711655,0.023695028702925187,S3B_OL_2_WFR____20190517T134411_20190517T134711_20190518T190927_0180_025_238_3060_MAR_O_NT_002_subset.txt
68,20190518T135734,0.05082154734782608,0.04527646660869565,0.041567273521739126,0.04452969166521739,0.048036665260869575,0.05907268999130435,0.06557552132173913,0.07067397032913043,0.07192151397391304,0.07257195558695653,0.07358543514347828,0.07227579289130434,0.08334366458695652,0.06837791764469565,0.06447128236260871,0.07507580106956523,S3A_OL_2_WFR____20190518T135734_20190518T140034_20190519T232916_0179_045_010_3060_MAR_O_NT_002_subset.txt
69,20190519T133123,,,,,,,,,,,,,,,,,S3A_OL_2_WFR____20190519T133123_20190519T133423_20190520T233853_0179_045_024_3060_MAR_O_NT_002_subset.txt
70,20190520T140637,0.005222712065790479,0.00442902152784571,0.005278761357409528,0.012186791604813344,0.01725192280839427,0.03361643611761908,0.04282266724712381,0.04694113175638099,0.047689131611371435,0.047979458436323785,0.04356989984708576,0.028429161224666672,0.0335852897700952,0.02477077671515428,0.02250096696268952,0.03213215524190477,S3B_OL_2_WFR____20190520T140637_20190520T140937_20190521T231729_0179_025_281_3060_MAR_O_NT_002_subset.txt
71,20190521T134026,0.0463379507345679,0.04358450219506175,0.0405997920745679,0.0461055569074074,0.05205214604938272,0.07066052423641973,0.08072259069444443,0.08644221099999999,0.08760440086419755,0.08814537045679012,0.08749250034567903,0.07217153020740741,0.07814660209012347,0.0653957424539259,0.06267507338900002,0.09163126229629628,S3B_OL_2_WFR____20190521T134026_20190521T134326_20190522T224447_0179_025_295_3060_MAR_O_NT_002_subset.txt
72,20190522T135349,,,,,,,,,,,,,,,,,S3A_OL_2_WFR____20190522T135349_20190522T135649_20190523T200921_0179_045_067_3060_MAR_O_NT_002_subset.txt
73,20190523T132739,,,,,,,,,,,,,,,,,S3A_OL_2_WFR____20190523T132739_20190523T133039_20190524T225251_0179_045_081_3060_MAR_O_NT_002_subset.txt
74,20190524T140252,0.14032106,0.13565173,0.127173687,0.12482071,0.12716453,0.142674035,0.1513352,0.155125585,0.156407365,0.15648976,0.14444106,0.11519821999999999,0.114877775,0.097546313,0.0940397345,0.11031831,S3B_OL_2_WFR____20190524T140252_20190524T140552_20190525T192318_0180_025_338_3060_MAR_O_NT_002_subset.txt
75,20190525T133641,0.05300989787766326,0.052993789018213056,0.05198806226048117,0.05777537867761173,0.06285535755271478,0.08119949914226807,0.09060738054467353,0.09579672294226804,0.09685253721993128,0.09704364006872854,0.09419157505962202,0.08131314130859103,0.0855552139652921,0.07151695123297591,0.06846774347690725,0.08964651915120277,S3B_OL_2_WFR____20190525T133641_20190525T133941_20190526T213800_0179_025_352_3060_MAR_O_NT_002_subset.txt
76,20190526T135005,0.00038319796249840416,5.4860104738353996e-05,0.002495612519540524,0.012310295268698177,0.01795667147822909,0.035490496167006995,0.04615292348700067,0.049977245311001936,0.050845965338002556,0.0513080081162603,0.042908363766183774,0.016048939306489485,0.014003470782195274,0.00774985995674032,0.006188753443240594,0.0010196695762348395,S3A_OL_2_WFR____20190526T135005_20190526T135305_20190527T233329_0179_045_124_3060_MAR_O_NT_002_subset.txt
77,20190527T132354,,,,,,,,,,,,,,,,,S3A_OL_2_WFR____20190527T132354_20190527T132654_20190528T225627_0179_045_138_3060_MAR_O_NT_002_subset.txt
78,20190528T135906,-0.021174954343958333,-0.019427789249869657,-0.015216939151006406,-0.005318240853032056,0.0005103446471901736,0.02012826885059728,0.03073689426661323,0.034919964719010675,0.0357954546970032,0.03597023185339747,0.02812018634922005,0.011939976606891025,0.014802065099465812,0.007918321679098282,0.006111723679436966,0.003954319388846154,S3B_OL_2_WFR____20190528T135906_20190528T140206_20190529T231025_0179_026_010_3060_MAR_O_NT_002_subset.txt
79,20190529T133255,-0.00983123201438788,-0.009107721369525243,-0.006637312673085864,0.0028086840513505,0.0094775148789505,0.03006001187621212,0.04161775994513129,0.046908707842899036,0.04803746750427787,0.04825660864002022,0.04209360829641417,0.020956303327272732,0.023014101734747498,0.01365253950424142,0.011780737513720208,0.01831003406494949,S3B_OL_2_WFR____20190529T133255_20190529T133555_20190530T194330_0179_026_024_3060_MAR_O_NT_002_subset.txt
80,20190529T141231,0.002795046904564732,0.0005440886737723187,0.0031533804244754495,0.009734751462046876,0.01513673217647545,0.03349582317801341,0.0432671279071875,0.04684960595412946,0.04796523460468751,0.04859038725866075,0.043077436287232165,0.024016555937053572,0.027494685066517855,0.017358343451736594,0.014858182753053567,0.013268018468459835,S3A_OL_2_WFR____20190529T141231_20190529T141531_20190530T235929_0179_045_167_3060_MAR_O_NT_002_subset.txt
81,20190530T134620,,,,,,,,,,,,,,,,,S3A_OL_2_WFR____20190530T134620_20190530T134920_20190531T232415_0179_045_181_3060_MAR_O_NT_002_subset.txt
82,20190601T135521,-0.04170337343055558,-0.0393381887425926,-0.03810524128796296,-0.02412640742166667,-0.018384349607129636,0.005028094896574071,0.017880456741666658,0.023032150796296297,0.024883098518518516,0.02550109838240741,0.017329767156481473,0.0054967235117685176,0.01151853426851852,0.0067266195106574075,0.005413475924972223,0.01070996321632408,S3B_OL_2_WFR____20190601T135521_20190601T135821_20190602T220639_0179_026_067_3060_MAR_O_NT_002_subset.txt
83,20190602T132910,0.02213596769861406,0.021249674891044762,0.020622002278518167,0.02621563523547017,0.03199222315390194,0.04840705596382303,0.05749401050551169,0.06161057392851699,0.06215863798150327,0.06209068398418966,0.05658930919457356,0.03179070322081559,0.03360418615298502,0.0232899578301364,0.02101053739985819,0.02700426208000641,S3B_OL_2_WFR____20190602T132910_20190602T133210_20190603T221040_0180_026_081_3060_MAR_O_NT_002_subset.txt
84,20190602T140847,-0.0028525966058496085,-0.0044234350002139025,5.004831765368481e-05,0.009119871463230084,0.015389225598133603,0.034229104541252234,0.04574911611109049,0.050214392931575806,0.05126739679789102,0.051808281902360656,0.043020026311533906,0.015327917928550632,0.015895320820641115,0.00861515859613548,0.007004680918389474,0.004496443362831038,S3A_OL_2_WFR____20190602T140847_20190602T141147_20190604T020618_0179_045_224_3060_MAR_O_NT_002_subset.txt
85,20190603T134236,,,,,,,,,,,,,,,,,S3A_OL_2_WFR____20190603T134236_20190603T134536_20190604T235114_0179_045_238_3060_MAR_O_NT_002_subset.txt
86,20190605T135136,-0.012177657493670885,-0.010976541479746839,-0.015987062656962026,-0.00979559114936709,-0.007665012755696206,0.0015417650527215188,0.006068780202784809,0.007923069675696202,0.008434621621139242,0.008541938607050633,0.006979468122658227,0.005190311034797469,0.007439563586582275,0.005238754245291141,0.004413131960253164,0.011910255032911392,S3B_OL_2_WFR____20190605T135136_20190605T135436_20190606T225705_0179_026_124_3060_MAR_O_NT_002_subset.txt
87,20190606T132525,-0.09207434166666666,-0.09104891866666669,-0.08518936666666665,-0.06957610133333333,-0.057557909,-0.03360087933333333,-0.014233832,-0.00211188,0.0003967414400000001,0.002044741,0.0053590513,-0.001745658,0.0021362966,8.545264000000001e-05,-0.0020020134,0.004260385,S3B_OL_2_WFR____20190606T132525_20190606T132825_20190613T171852_0179_026_138_3060_MAR_O_NT_002_subset.txt
88,20190606T140502,0.020936042676478868,0.016436439319851334,0.016829454682863853,0.020940197575225358,0.02595632315603599,0.04304835091436619,0.05238337551640065,0.05580574712358369,0.05667181378284821,0.0568491362775117,0.04735206244605635,0.022185754094491413,0.02377962263137716,0.014160044993190917,0.011695668139233178,0.00955315413434272,S3A_OL_2_WFR____20190606T140502_20190606T140802_20190608T002453_0179_045_281_3060_MAR_O_NT_002_subset.txt
89,20190607T133851,0.008481886832983478,0.00618203760433841,0.00996989715043957,0.019645161781902034,0.026691466391421764,0.046708032983441436,0.05750001870668575,0.06122620068778621,0.06217018949394071,0.06264741977632951,0.05413337291418569,0.02534224537768452,0.025459997954389333,0.015226174712092255,0.01302115413918191,0.010282560441937023,S3A_OL_2_WFR____20190607T133851_20190607T134151_20190609T014324_0179_045_295_3060_MAR_O_NT_002_subset.txt
90,20190608T141402,,,,,,,,,,,,,,,,,S3B_OL_2_WFR____20190608T141402_20190608T141702_20190609T210254_0179_026_167_3060_MAR_O_NT_002_subset.txt
91,20190609T134751,0.022205443125428558,0.02018790801887076,0.018318132416231297,0.02409437696282992,0.029224625657047656,0.04681422425211839,0.056434854531025785,0.06019264215327898,0.0609258837473334,0.061141680812272184,0.0537682590245307,0.031320537407224486,0.034008059715102026,0.0244715607791646,0.022287506809843552,0.03265099488244898,S3B_OL_2_WFR____20190609T134751_20190609T135051_20190610T204655_0179_026_181_3060_MAR_O_NT_002_subset.txt
92,20190610T140117,-0.01782503974822336,-0.0204193606994924,-0.027111930728781736,-0.015139627909796954,-0.011211477405837562,0.006269401207675126,0.01607597458335025,0.019289434135583757,0.020368488195380705,0.02086260912505076,0.015175384182187812,0.00888045344201523,0.013775467532994919,0.009653330892395938,0.00837062387381726,0.009207357739035534,S3A_OL_2_WFR____20190610T140117_20190610T140417_20190612T012617_0179_045_338_3060_MAR_O_NT_002_subset.txt
93,20190611T133506,-0.0052250960350950434,-0.007978622244979337,-0.0027983952809145993,0.008213036343654261,0.015710526257823685,0.03879798080964189,0.05138141845653581,0.055776159441597854,0.057234994715013844,0.057649819347658414,0.04817541102837464,0.025774597561198348,0.02757942698526171,0.01671054974121078,0.01432642349343387,0.008918366966731404,S3A_OL_2_WFR____20190611T133506_20190611T133806_20190612T231042_0179_045_352_3060_MAR_O_NT_002_subset.txt
94,20190612T141017,,,,,,,,,,,,,,,,,S3B_OL_2_WFR____20190612T141017_20190612T141317_20190613T213817_0179_026_224_3060_MAR_O_NT_002_subset.txt
95,20190613T134406,0.018931008987763735,0.01830698932217682,0.018883775565265267,0.0263744056128937,0.0321542531116048,0.05036566828972512,0.06070514453261523,0.06425966214598826,0.06488000871760778,0.06487347883090645,0.05502735490031213,0.025726034587855905,0.02621481598502972,0.01581537295659361,0.013627971223121808,0.01533533897534921,S3B_OL_2_WFR____20190613T134406_20190613T134706_20190614T222508_0179_026_238_3060_MAR_O_NT_002_subset.txt
96,20190614T135732,-0.013408043948381715,-0.014963503493769693,-0.01475574803495966,-0.0037461955145403213,0.0018389380379345837,0.021972819475100335,0.032796865335394276,0.03641828033177416,0.03766569981720429,0.03792881536761651,0.029851894723772386,0.014029031709239255,0.017679045562580657,0.010304920248402353,0.0082461350633826,0.003971886447922938,S3A_OL_2_WFR____20190614T135732_20190614T140032_20190616T015133_0179_046_010_3060_MAR_O_NT_002_subset.txt
97,20190615T133121,0.02412386575333333,0.012844224474444443,0.00811100714444444,0.009742729886666673,0.01601469096666667,0.029875587338555557,0.03585273980444445,0.03858658766855558,0.03917233945000002,0.03906186277066667,0.03864152093888888,0.02988006322899999,0.027697582998888876,0.021232542208833336,0.01901282919178889,0.03801568814444444,S3A_OL_2_WFR____20190615T133121_20190615T133421_20190617T015932_0179_046_024_3060_MAR_O_NT_002_subset.txt
98,20190616T140632,-0.009701680983330647,-0.007681562756872304,-0.002107982883331897,0.008551938740771127,0.015011523136143127,0.0343030697159778,0.045616870568661344,0.04968703076270825,0.05041905705025908,0.05069422076687045,0.041690115509475635,0.013826994510697103,0.013979922182893284,0.007469064435181978,0.006058634839603334,0.0038694240606169023,S3B_OL_2_WFR____20190616T140632_20190616T140932_20190617T204901_0179_026_281_3060_MAR_O_NT_002_subset.txt
99,20190617T134021,,,,,,,,,,,,,,,,,S3B_OL_2_WFR____20190617T134021_20190617T134321_20190618T223238_0179_026_295_3060_MAR_O_NT_002_subset.txt
100,20190618T135348,0.0006142573253798562,0.000569769145495221,0.004564332846455706,0.014821516529446768,0.020869013168279143,0.03908136297494006,0.049308039761007,0.0526228517316126,0.053368670474232,0.05379402732894848,0.04484410950331415,0.018610841792563407,0.018254679696813252,0.010807007863332732,0.009223418086132576,0.0052717087133671145,S3A_OL_2_WFR____20190618T135348_20190618T135648_20190619T204406_0180_046_067_3060_MAR_O_NT_002_subset.txt
101,20190619T132737,-0.023396388388226472,-0.02355013239517775,-0.01257406275349539,0.0023195021261467855,0.011874014627224786,0.03486117230514333,0.04690143865751156,0.05160675229383547,0.05254455609947818,0.05287588852137326,0.04655239354361582,0.02259891549802979,0.023718192379587152,0.01330130444360494,0.010650068383749425,0.00795603638736239,S3A_OL_2_WFR____20190619T132737_20190619T133037_20190620T201746_0180_046_081_3060_MAR_O_NT_002_subset.txt
102,20190620T140248,-0.014226629629451074,-0.013530341798825837,-0.00982425993173191,-0.00013673520777593833,0.005831556590672213,0.025993732543988256,0.03580060198199612,0.039468682076643884,0.040293667198874714,0.04047450289139924,0.03265295516604698,0.016194209249094912,0.020159495362749476,0.013175743419197705,0.011515309527808232,0.015882167927862026,S3B_OL_2_WFR____20190620T140248_20190620T140548_20190621T195510_0179_026_338_3060_MAR_O_NT_002_subset.txt
103,20190621T133637,0.00018030245913161966,0.001152773412373827,0.001059107198718847,0.010288075757227438,0.01642134086247974,0.03577851873321653,0.04563900647014795,0.04900402875868378,0.049744573300093506,0.04993388786073207,0.043079701405864514,0.0189346683791503,0.019591344070404994,0.01119220806077882,0.009287910021915109,0.010380814919876951,S3B_OL_2_WFR____20190621T133637_20190621T133937_20190622T204224_0179_026_352_3060_MAR_O_NT_002_subset.txt
104,20190622T135004,0.02480324583233333,0.021213772214096906,0.02368704914593022,0.0327966820682946,0.039368240250310084,0.0580365547647248,0.06962521354503877,0.07553217773166666,0.07677641017608532,0.0770440502800388,0.07020392959573647,0.05339078564903099,0.059608683790310056,0.04760483129189531,0.04418044147932555,0.04708282237780232,S3A_OL_2_WFR____20190622T135004_20190622T135304_20190623T223203_0179_046_124_3060_MAR_O_NT_002_subset.txt
105,20190623T132353,,,,,,,,,,,,,,,,,S3A_OL_2_WFR____20190623T132353_20190623T132653_20190624T220940_0179_046_138_3060_MAR_O_NT_002_subset.txt
106,20190624T135904,0.0002954774934027794,0.0021113398741117134,0.0045422497886781436,0.013480225766518738,0.018770709002294675,0.03588301255352657,0.04521349412584548,0.04825278381015103,0.048696850292270506,0.04873820503756047,0.03940216163791124,0.013108784507862936,0.01109567964619566,0.005770387622766897,0.004450517309969805,5.4049528103257736e-05,S3B_OL_2_WFR____20190624T135904_20190624T140204_20190625T234257_0179_027_010_3060_MAR_O_NT_002_subset.txt
107,20190625T133253,,,,,,,,,,,,,,,,,S3B_OL_2_WFR____20190625T133253_20190625T133553_20190626T223220_0179_027_024_3060_MAR_O_NT_002_subset.txt
108,20190625T141230,-0.0015419871754385973,-0.005403702600526317,-0.006240873511052633,-0.003563276305438596,-0.0007109196100877201,0.007830086880877194,0.011300201600175435,0.012868853343842105,0.013439388784210521,0.013866969019298254,0.013921260336578945,0.015212996396456145,0.019876545685964916,0.016829834293596496,0.015400925869298246,0.01635984948663158,S3A_OL_2_WFR____20190625T141230_20190625T141530_20190626T231813_0179_046_167_3060_MAR_O_NT_002_subset.txt
109,20190626T134620,0.025582473636956503,0.02110361697065216,0.023087186967391295,0.03300404449456522,0.03990792839999997,0.062208865617391286,0.07480929458260872,0.08099048785434779,0.08305864688695652,0.0838780690453261,0.07828303112934783,0.06723247729347828,0.07628791624021737,0.062326693328239126,0.05878030980750001,0.06882235900543476,S3A_OL_2_WFR____20190626T134620_20190626T134920_20190627T221647_0180_046_181_3060_MAR_O_NT_002_subset.txt
110,20190628T135520,-0.0013681047696507836,0.002134758143354859,0.006414184177316625,0.01645863523081505,0.022256953119578687,0.041001739627460766,0.05101951043172413,0.05396244372996862,0.05484764513887145,0.05515744141403141,0.046154932544507796,0.018268828686031365,0.019084034546018792,0.010706020420657702,0.009079052801380588,0.005603226033200002,S3B_OL_2_WFR____20190628T135520_20190628T135820_20190629T221239_0180_027_067_3060_MAR_O_NT_002_subset.txt
111,20190629T132909,-0.02241162742439867,-0.020487151715265477,-0.019406244251469855,-0.007950745835940548,-0.0007287780967780576,0.02061376677860974,0.031048014795774733,0.03490426620575369,0.03575324811135677,0.035942585616775505,0.03159337590461225,0.017022535640270533,0.020278983359966495,0.011584045118801485,0.009468222852077888,0.011559139547487446,S3B_OL_2_WFR____20190629T132909_20190629T133209_20190630T214039_0179_027_081_3060_MAR_O_NT_002_subset.txt
112,20190629T140846,-0.013930424185749846,-0.013566906208400835,-0.006072454202661846,0.005574115647418334,0.012541165860005424,0.03356346347898129,0.04485558820290532,0.04869396685407479,0.049737170032248326,0.0501913605404068,0.04108708744847507,0.017410882532025315,0.01939747754026524,0.01067851026576617,0.00883678164755274,0.004525415730635324,S3A_OL_2_WFR____20190629T140846_20190629T141146_20190630T232542_0180_046_224_3060_MAR_O_NT_002_subset.txt
113,20190630T134235,-0.020866629174107146,-0.021913186182832823,-0.02214313023056005,-0.00937985828851462,-0.003179914001842529,0.019607231886517827,0.030851514338823098,0.034272228126623346,0.03550846565600644,0.03590075728189931,0.02718189147094158,0.011085255078368505,0.012041371276461033,0.006235308920230518,0.004527753719983774,-0.0007656868051420491,S3A_OL_2_WFR____20190630T134235_20190630T134535_20190701T223549_0179_046_238_3060_MAR_O_NT_002_subset.txt
114,20190702T135136,-0.0069222718618771936,-0.004203811429964913,-0.00023097612033508988,0.010217630052157893,0.01631622426463684,0.03614509609796666,0.04593434190263156,0.048958565521578984,0.04984816420385966,0.05002003156929825,0.04132090696210526,0.01798076798575437,0.020019565194035086,0.011496933904789473,0.009648572275889484,0.010103458735421046,S3B_OL_2_WFR____20190702T135136_20190702T135436_20190703T231007_0179_027_124_3060_MAR_O_NT_002_subset.txt
115,20190703T132526,,,,,,,,,,,,,,,,,S3B_OL_2_WFR____20190703T132526_20190703T132826_20190704T194538_0179_027_138_3060_MAR_O_NT_002_subset.txt
116,20190703T140502,,,,,,,,,,,,,,,,,S3A_OL_2_WFR____20190703T140502_20190703T140802_20190704T223737_0179_046_281_3060_MAR_O_NT_002_subset.txt
117,20190704T133851,0.026604301264393296,0.022046576106942006,0.022925126174775868,0.028469067976715473,0.0342693762523909,0.05177170701452489,0.06039615042854215,0.06306583956240282,0.06382792321924674,0.0641527838557083,0.05479415597023311,0.026023183593449496,0.02641700916710098,0.015983498596358604,0.01368708009844591,0.012023494797071144,S3A_OL_2_WFR____20190704T133851_20190704T134151_20190705T212259_0179_046_295_3060_MAR_O_NT_002_subset.txt
118,20190705T141403,,,,,,,,,,,,,,,,,S3B_OL_2_WFR____20190705T141403_20190705T141703_20190706T220644_0179_027_167_3060_MAR_O_NT_002_subset.txt
119,20190706T134752,,,,,,,,,,,,,,,,,S3B_OL_2_WFR____20190706T134752_20190706T135052_20190707T221118_0179_027_181_3060_MAR_O_NT_002_subset.txt
120,20190707T140117,0.161226848,0.14807581,0.132765896,0.12059816339999999,0.11919004359999999,0.1211658079,0.1198254343,0.11913877108000001,0.11892636463999998,0.11868831629999999,0.110986665694,0.09445356930000001,0.09767815263,0.0829963093317,0.08002075462,0.0849153132,S3A_OL_2_WFR____20190707T140117_20190707T140417_20190708T233108_0179_046_338_3060_MAR_O_NT_002_subset.txt
121,20190708T133506,0.007588004577334215,0.004091893805745237,0.007730285311378856,0.017202152799590927,0.02469162357797567,0.04544024680806626,0.05578189789317857,0.05974696759034129,0.0607426446184702,0.06113220341180557,0.05442837881728174,0.029766408975577818,0.03017673167275112,0.01964361356257455,0.01753449394754038,0.019078686453539082,S3A_OL_2_WFR____20190708T133506_20190708T133806_20190709T223145_0179_046_352_3060_MAR_O_NT_002_subset.txt
122,20190709T141019,,,,,,,,,,,,,,,,,S3B_OL_2_WFR____20190709T141019_20190709T141319_20190710T230126_0179_027_224_3060_MAR_O_NT_002_subset.txt
123,20190710T134408,0.006523790548882503,0.0067207186144778025,0.009216479379817222,0.019857717971668416,0.027047576223080953,0.047752082410182764,0.05884182372193206,0.06351177723890339,0.06421089797885117,0.06441987420522195,0.05743172498746732,0.0334297375552663,0.036782773703916444,0.02638024868564753,0.02403303258768147,0.032897663664595296,S3B_OL_2_WFR____20190710T134408_20190710T134708_20190711T224146_0180_027_238_3060_MAR_O_NT_002_subset.txt
124,20190711T135733,,,,,,,,,,,,,,,,,S3A_OL_2_WFR____20190711T135733_20190711T140033_20190712T202156_0179_047_010_3060_MAR_O_NT_002_subset.txt
125,20190712T133122,0.00017671461322449797,-0.0026803230382405423,0.0041003770218024415,0.015575532523387465,0.024494368367504862,0.04642532997066066,0.05796105662165493,0.06273313746940333,0.06372790389140479,0.06403147608332269,0.058357053375225725,0.031874801198922394,0.03260049182257859,0.02093042110122704,0.018310734892561287,0.016482008662142392,S3A_OL_2_WFR____20190712T133122_20190712T133422_20190713T230810_0179_047_024_3060_MAR_O_NT_002_subset.txt
126,20190713T140635,-0.013932191148531243,-0.011286442312518755,-0.004228849937139985,0.008172529707909998,0.015264936071356254,0.03577778094498132,0.04791062827729373,0.05238822010350004,0.05317257635618752,0.05356584180006251,0.044326881604187525,0.014711391384743769,0.0150035107326,0.007982654996094341,0.006492405634883761,0.0037399488367575017,S3B_OL_2_WFR____20190713T140635_20190713T140935_20190714T194159_0180_027_281_3060_MAR_O_NT_002_subset.txt
127,20190714T134024,-0.0037280921401288986,-0.0017641974697713086,0.0004737419949348589,0.011535616918866244,0.01806373560889674,0.03796229903324323,0.048444055741302956,0.0520588560286902,0.05263866948562031,0.052738841340817716,0.0442995152989605,0.018025057625738042,0.017992331177477453,0.009793904614654202,0.00777851549164519,0.0059682666451739575,S3B_OL_2_WFR____20190714T134024_20190714T134324_20190715T213527_0180_027_295_3060_MAR_O_NT_002_subset.txt
128,20190715T135348,-0.004562056398483001,-0.004690774416946761,-0.0006702005168659405,0.01049496993042337,0.017115027951762667,0.037345065002533616,0.04862916957112896,0.052394198412328445,0.05323226913589487,0.053706349527927556,0.0444604977253431,0.016337845323527892,0.014711316426298911,0.007950571864369536,0.006478553881350867,0.002186214530994225,S3A_OL_2_WFR____20190715T135348_20190715T135648_20190716T211211_0179_047_067_3060_MAR_O_NT_002_subset.txt
129,20190716T132737,-0.006997073652296366,-0.008487233845341993,-0.0019339629825782785,0.011274818415008674,0.020007893721975752,0.042327100944107424,0.05365687295453509,0.05769849691773534,0.05850250371346041,0.058807508823512454,0.05160766868606597,0.024341458652888483,0.023913332058521097,0.013377125914565585,0.010502747726083185,0.006783794853017336,S3A_OL_2_WFR____20190716T132737_20190716T133037_20190717T220005_0179_047_081_3060_MAR_O_NT_002_subset.txt
130,20190717T140251,-0.02306114415439904,-0.02005816732280411,-0.012661404986458014,0.0002931790200462296,0.007577011683514608,0.02925585764902073,0.041291634024124106,0.04569727051046223,0.0465737087090024,0.04698551925255476,0.03835555286951956,0.012158018341544998,0.012556028706161779,0.006370973674527401,0.004917223322675175,0.0020183992647268886,S3B_OL_2_WFR____20190717T140251_20190717T140551_20190718T223732_0179_027_338_3060_MAR_O_NT_002_subset.txt
131,20190718T133640,-0.0015513791282527481,-0.00029518552994584003,0.0016358744315478786,0.01202811700769626,0.01880078282015699,0.039801968556828896,0.05022581716116947,0.05388696044683673,0.05465539445432498,0.0549790439336186,0.048739139326818684,0.023830487220165616,0.02526079442237047,0.015027473334664839,0.012824132682998418,0.012224566149733137,S3B_OL_2_WFR____20190718T133640_20190718T133940_20190719T193700_0179_027_352_3060_MAR_O_NT_002_subset.txt
132,20190719T135004,-0.002874611631334596,-0.002534492125310606,0.002506032876159717,0.014144185819860506,0.020836467305612998,0.0406572454208649,0.05179695243874369,0.05576951453910356,0.056332962579734865,0.05670225962905941,0.04725142843788136,0.018381241597708337,0.016930629771654035,0.009324711932375006,0.00749276899695833,0.0017063438582013864,S3A_OL_2_WFR____20190719T135004_20190719T135304_20190720T232725_0179_047_124_3060_MAR_O_NT_002_subset.txt
133,20190720T132353,,,,,,,,,,,,,,,,,S3A_OL_2_WFR____20190720T132353_20190720T132653_20190721T224902_0179_047_138_3060_MAR_O_NT_002_subset.txt
134,20190721T135907,0.0019143817434740752,0.0037568180680432133,0.006561808246720362,0.0162653606844864,0.022037236067022178,0.0406767778299012,0.051092485351219075,0.054656222172629526,0.05512255630040737,0.05526346137665431,0.045739764681870354,0.016254023632495656,0.014750173165697515,0.0079419570275562,0.006290227414243836,0.0013742040831530883,S3B_OL_2_WFR____20190721T135907_20190721T140207_20190722T214638_0179_028_010_3060_MAR_O_NT_002_subset.txt
135,20190722T133256,-0.0045308465475864925,-0.002892802029785831,-0.0018623874874365747,0.009129645774835276,0.016270826315444804,0.03777375118392096,0.04870596415563428,0.05242343548941514,0.05315497467038709,0.05343645885911047,0.047331650788050225,0.02220704859778174,0.02311972296721584,0.01303072589037722,0.011002793499991762,0.00973023194856671,S3B_OL_2_WFR____20190722T133256_20190722T133556_20190723T215914_0179_028_024_3060_MAR_O_NT_002_subset.txt
136,20190722T141230,-0.014960765093782899,-0.012935339986009889,-0.0027068103326874965,0.011534592213437504,0.019569523579605275,0.042483975479605314,0.05573112698009869,0.06015846938256579,0.06120792460197356,0.06189061571299343,0.052978166642763135,0.02218084388536183,0.02423768096217107,0.013393169458483541,0.01121369607292763,0.0062035605789292824,S3A_OL_2_WFR____20190722T141230_20190722T141530_20190723T225447_0179_047_167_3060_MAR_O_NT_002_subset.txt
137,20190723T134619,-0.004415529792532513,-0.0035359582010667753,0.003903610461651896,0.016455722107482272,0.023607269606979873,0.04452030589014178,0.05584008661487,0.05928952240998821,0.06021608390839231,0.06070620891498231,0.05141130969055734,0.022070305508658378,0.02191652252139482,0.012138110524484073,0.010058522944427887,0.004879423535052009,S3A_OL_2_WFR____20190723T134619_20190723T134919_20190724T222406_0179_047_181_3060_MAR_O_NT_002_subset.txt
138,20190725T135522,-0.017340826779346452,-0.01375092349424736,-0.012040758806666189,-0.0015909078639978964,0.003582088958745607,0.023125919722213634,0.03255921478842658,0.03534757292965567,0.03630406112278288,0.03665291151992972,0.03052195947995083,0.013243507173855938,0.015861969578706954,0.008632762944829233,0.007124728209680951,0.005594676359018974,S3B_OL_2_WFR____20190725T135522_20190725T135822_20190726T213655_0179_028_067_3060_MAR_O_NT_002_subset.txt
139,20190726T132912,-0.013129886941396402,-0.012173832770797307,-0.007112461861126118,0.004599635111261263,0.012804825256171172,0.034889173764099106,0.046131120737527,0.05064975723513515,0.051411647861261296,0.05146724081036033,0.04581818214490992,0.022458077395045035,0.023416853586936945,0.01357925315201352,0.010966951111846845,0.019584223772522513,S3B_OL_2_WFR____20190726T132912_20190726T133212_20190727T203557_0179_028_081_3060_MAR_O_NT_002_subset.txt
140,20190726T140845,-0.05308970357849074,-0.053641990044481475,-0.046865235380645145,-0.03186742760336405,-0.022912663791059905,0.003612872031854846,0.01722865613274194,0.023049773545944716,0.0245074050475576,0.02545941391228109,0.023176010536635944,0.01752260410400922,0.026901898654377882,0.018172099926755766,0.01566195963026958,0.018845307330182047,S3A_OL_2_WFR____20190726T140845_20190726T141145_20190728T000636_0179_047_224_3060_MAR_O_NT_002_subset.txt
141,20190727T134234,-0.09350970130583248,-0.0862887695156197,-0.06510911092093512,-0.039557205576611514,-0.027796978811971716,0.002543032217874851,0.01858786322197991,0.02650016353272963,0.02830662870796933,0.02946952453495392,0.02912468332532352,0.016372867982018886,0.017807403649822903,0.009455031595105044,0.007233010212933888,-0.003220253279582053,S3A_OL_2_WFR____20190727T134234_20190727T134534_20190728T230442_0180_047_238_3060_MAR_O_NT_002_subset.txt
142,20190729T135138,0.007231647754687499,0.005341312146874993,0.002882760234546877,0.006782453649999997,0.0113556522578125,0.028076553292968747,0.03511745952392188,0.03817770294460938,0.038893553340937505,0.039448035971875,0.038577686339531264,0.03353469331296875,0.039302405693749994,0.03083437754510938,0.028401861385937505,0.04185794931406249,S3B_OL_2_WFR____20190729T135138_20190729T135438_20190730T232312_0179_028_124_3060_MAR_O_NT_002_subset.txt
143,20190730T132527,-0.026608070683767967,-0.024653150714248347,-0.018073359855617623,-0.0048268307398692915,0.0037301406516339884,0.026900212278758166,0.03912173892640522,0.04436481899084966,0.04511485592091504,0.04550992135326796,0.04386222089019608,0.024942599643464052,0.028295985306535928,0.01737550513749348,0.014684729978562086,0.012583799886699361,S3B_OL_2_WFR____20190730T132527_20190730T132827_20190731T212755_0179_028_138_3060_MAR_O_NT_002_subset.txt
144,20190730T140500,-0.01589344126187552,-0.014997708822594562,-0.0061383828742760296,0.006994820728683922,0.014753810633976577,0.037086342409735136,0.05059460215410778,0.055601386719519384,0.05665993328960569,0.05713180241688231,0.047818015746500256,0.017754304773357977,0.017693831892667943,0.009858133960561385,0.007943974603918682,0.002311679207447938,S3A_OL_2_WFR____20190730T140500_20190730T140800_20190731T224655_0179_047_281_3060_MAR_O_NT_002_subset.txt
145,20190731T133849,-0.010011481249136792,-0.010522918181868507,-0.0008020313669392689,0.013140051222081372,0.02230276239344159,0.04684074579931609,0.060163770369693566,0.06533433653002955,0.06648277559339616,0.06733360494080179,0.06141010243371454,0.03247388001760911,0.0323255017432193,0.019067915552162168,0.01621746150190448,0.008859160806155647,S3A_OL_2_WFR____20190731T133849_20190731T134149_20190801T220241_0179_047_295_3060_MAR_O_NT_002_subset.txt
146,20190801T141405,,,,,,,,,,,,,,,,,S3B_OL_2_WFR____20190801T141405_20190801T141705_20190802T215720_0179_028_167_3060_MAR_O_NT_002_subset.txt
147,20190802T134754,0.010012151219926298,0.010955866325324692,0.013644936078505974,0.02398877771782869,0.03031548366450202,0.05102454229114342,0.06217662598606182,0.06645464021812746,0.06739018438187251,0.0678121787226693,0.06227412718749003,0.043900391108774896,0.04767105638824703,0.03672473559371115,0.034274512609334666,0.03959480081127493,S3B_OL_2_WFR____20190802T134754_20190802T135054_20190803T193405_0179_028_181_3060_MAR_O_NT_002_subset.txt
148,20190803T140115,-0.12149811163333335,-0.1168194498233333,-0.09759174189666676,-0.07179191698571433,-0.060231330838571434,-0.028829614848214256,-0.011117805218519046,-0.0014182379403761883,0.0007240742608095242,0.0021542588692380934,0.0027802371263809527,0.0010820999912523807,0.011214506975238101,0.006118874906623816,0.004712843509042854,0.003550785848238097,S3A_OL_2_WFR____20190803T140115_20190803T140415_20190804T230912_0179_047_338_3060_MAR_O_NT_002_subset.txt
149,20190804T133504,-0.037015055327492725,-0.03611061102663493,-0.021936593517697483,-0.0040784543150748954,0.006903869937464596,0.03469958245652425,0.049648570202908186,0.056192749378426006,0.05755670722040953,0.05844764046668211,0.05530582330229975,0.03185926093777063,0.030305131275775252,0.017883976315971353,0.015323282214289054,0.009872015580296076,S3A_OL_2_WFR____20190804T133504_20190804T133804_20190805T221925_0179_047_352_3060_MAR_O_NT_002_subset.txt
150,20190805T141020,,,,,,,,,,,,,,,,,S3B_OL_2_WFR____20190805T141020_20190805T141320_20190806T231533_0179_028_224_3060_MAR_O_NT_002_subset.txt
151,20190806T134409,-0.0031783156806976785,-0.0023870790176635215,0.0008281303932826991,0.01134156632790333,0.018415814615336455,0.039746909078837246,0.05152182861412064,0.05637499011364105,0.05712092826475299,0.057431737879854804,0.05221697188481174,0.02680570796353849,0.027277112390406987,0.016548986748790004,0.014300020942025425,0.014184738177532743,S3B_OL_2_WFR____20190806T134409_20190806T134709_20190807T231126_0179_028_238_3060_MAR_O_NT_002_subset.txt
152,20190807T135730,0.006790123714820625,0.006750281536228817,0.013975124866659588,0.0259783005674061,0.033217911893679404,0.05471952115376419,0.06745307222025416,0.07217259160979879,0.07324062307824865,0.07360784088478106,0.06486427478793791,0.03427828785607336,0.03729780995896888,0.024595825012954136,0.02179811818748588,0.014906585980392633,S3A_OL_2_WFR____20190807T135730_20190807T140030_20190808T221439_0179_048_010_3060_MAR_O_NT_002_subset.txt
153,20190808T133119,0.029225178302606427,0.024516130368555968,0.02883678448975454,0.0375072584861401,0.04636291921400726,0.06897948858144415,0.08122748986527083,0.08548247532537193,0.08623502851119137,0.08652304847335736,0.07942434157889532,0.041342080031509076,0.039577008399711136,0.024155989867660644,0.020575130820137164,0.016808093356953106,S3A_OL_2_WFR____20190808T133119_20190808T133419_20190809T214839_0179_048_024_3060_MAR_O_NT_002_subset.txt
154,20190809T140636,-0.0012475980781840308,0.0013132117143973179,0.008782837480578917,0.02158122934314439,0.029332908586276647,0.05249471699423531,0.06678265764591707,0.07189625435418635,0.07277195149938633,0.07324463692336991,0.06408844785139553,0.026980271794028024,0.02914213165277272,0.016405379341308358,0.013697612004890928,0.007578912905923214,S3B_OL_2_WFR____20190809T140636_20190809T140936_20190810T213443_0179_028_281_3060_MAR_O_NT_002_subset.txt
155,20190810T134025,0.0027006780162181446,0.00508033080393089,0.010428656952278605,0.02390232848492439,0.03227062269903891,0.05690548691354212,0.07139698747051841,0.07696702398020532,0.07774684767811021,0.07806007451166301,0.07078358510809933,0.03760482980328296,0.03971586697246218,0.025153119467500016,0.021990933864298075,0.01601496795402807,S3B_OL_2_WFR____20190810T134025_20190810T134325_20190811T220524_0179_028_295_3060_MAR_O_NT_002_subset.txt
156,20190811T135345,-0.0033090776393852753,-0.001794566834021645,0.007361824169588138,0.020865953407961057,0.028935024830797768,0.052121380751978905,0.065446996465337,0.07022542518843551,0.07124236527910746,0.0719349374664501,0.06434820577600493,0.03240516624320341,0.033194582206184264,0.01917820624530307,0.01642451940555969,0.007174274034199135,S3A_OL_2_WFR____20190811T135345_20190811T135645_20190812T224431_0179_048_067_3060_MAR_O_NT_002_subset.txt
157,20190812T132734,-0.020315925878275055,-0.02011748088012821,-0.007085031348270974,0.01038486286434731,0.02167662626412588,0.04925453921923073,0.06487958950390442,0.07132254841080427,0.07244141474405173,0.07319111361779446,0.06869226908499412,0.03878848293652682,0.03810536973053613,0.023163283152098424,0.019427316046724926,0.01242726616899943,S3A_OL_2_WFR____20190812T132734_20190812T133034_20190813T224157_0180_048_081_3060_MAR_O_NT_002_subset.txt
158,20190813T140251,-0.004379467140154079,-0.0013822010385696757,0.005901358901945981,0.01798084377298771,0.02529794598023573,0.04751840004024561,0.06080218015690607,0.0653277437110621,0.06604311319244932,0.06648423197783923,0.05729186586140579,0.022205437323143,0.022018144749109885,0.011962143927044207,0.009792429614696735,0.0025828334312780854,S3B_OL_2_WFR____20190813T140251_20190813T140551_20190814T232809_0179_028_338_3060_MAR_O_NT_002_subset.txt
159,20190814T133640,0.12753075,0.13805963,0.14913785,0.15301982,0.15232399,0.14866176,0.13707083,0.12742089,0.12549822,0.12377697,0.12504044,0.119125955,0.10931120000000001,0.09008454,0.08627583,0.13884701,S3B_OL_2_WFR____20190814T133640_20190814T133940_20190815T223205_0179_028_352_3060_MAR_O_NT_002_subset.txt
160,20190815T135000,,,,,,,,,,,,,,,,,S3A_OL_2_WFR____20190815T135000_20190815T135300_20190816T203800_0179_048_124_3060_MAR_O_NT_002_subset.txt
161,20190816T132349,,,,,,,,,,,,,,,,,S3A_OL_2_WFR____20190816T132349_20190816T132649_20190817T214929_0179_048_138_3060_MAR_O_NT_002_subset.txt
162,20190817T135907,,,,,,,,,,,,,,,,,S3B_OL_2_WFR____20190817T135907_20190817T140207_20190818T223704_0179_029_010_3060_MAR_O_NT_002_subset.txt
163,20190818T133256,0.003851227352441846,0.004334119575296235,0.006739677930305445,0.017529822748853587,0.02539402144558748,0.049419755558334715,0.06251844813813394,0.06724616109893726,0.06802056000844346,0.06839286548406022,0.06331678168903775,0.03338333321456064,0.03479267544820083,0.021249674160841846,0.018625409216543952,0.01807275086785777,S3B_OL_2_WFR____20190818T133256_20190818T133556_20190819T190419_0180_029_024_3060_MAR_O_NT_002_subset.txt
164,20190818T141226,0.011329296603192792,0.010805170020774777,0.01721960002466666,0.027628457411477483,0.03490489508209007,0.05788533312270274,0.07102178661794595,0.07510796748646852,0.07614124190738733,0.07688091173045045,0.06829580737801798,0.03359777905618019,0.03591781261927927,0.021952245583396392,0.01896595158864324,0.012699264215511714,S3A_OL_2_WFR____20190818T141226_20190818T141526_20190819T213241_0179_048_167_3060_MAR_O_NT_002_subset.txt
165,20190819T134615,-0.013895671187082187,-0.011654660127113154,0.0006179360986587282,0.01631340046160216,0.025411686285628322,0.050825745544497286,0.06454426477445573,0.06930128067138182,0.07049292044400245,0.0712986637142348,0.0654442137517451,0.0356025528999106,0.03553296201697439,0.021227800329406164,0.01828942945168732,0.009420561382705783,S3A_OL_2_WFR____20190819T134615_20190819T134915_20190820T230117_0179_048_181_3060_MAR_O_NT_002_subset.txt
166,20190821T135522,0.04737137692476923,0.04637756269664617,0.04255888027692306,0.043724255125092294,0.04719266018113849,0.061999302437107696,0.06857710223409232,0.07039457803692306,0.07107913201707693,0.07125266474236928,0.0675742172344615,0.046446524950430786,0.04806517052800002,0.03537574309303076,0.03255081840513846,0.03840665355569232,S3B_OL_2_WFR____20190821T135522_20190821T135822_20190822T230644_0179_029_067_3060_MAR_O_NT_002_subset.txt
167,20190822T132911,-0.0373868721759326,-0.032670648909649165,-0.021122620976028857,-0.0038665902629151333,0.0064761087254155865,0.034092028191251136,0.049057280159230075,0.05472544063555555,0.05565054390424328,0.05616200525809272,0.054476790807541586,0.03181980087640856,0.033812939956080465,0.020653678891902016,0.017763519901741926,0.016996375856171485,S3B_OL_2_WFR____20190822T132911_20190822T133211_20190823T205403_0180_029_081_3060_MAR_O_NT_002_subset.txt
168,20190822T140841,-0.0011933413111653573,-0.00034138132522653286,0.00860016132212962,0.020988683730081812,0.028689440966723198,0.05209915309218655,0.0655606218870987,0.0698712294058632,0.07084330397113864,0.07153277095293759,0.06331768341751048,0.03108454695729858,0.032600021107873946,0.01853962045546514,0.015793653327116325,0.0066930446235445315,S3A_OL_2_WFR____20190822T140841_20190822T141141_20190823T224212_0179_048_224_3060_MAR_O_NT_002_subset.txt
169,20190823T134230,-0.013360626158714283,-0.01145038267326454,9.409680816872526e-05,0.01626712022837505,0.025919139963462092,0.051616791103233375,0.06631089932116392,0.07109720274885369,0.07204056384406823,0.0727136720092886,0.06599445416570836,0.034588560607101665,0.03587825018430334,0.021481059628566126,0.01833798681708996,0.010657839588544393,S3A_OL_2_WFR____20190823T134230_20190823T134530_20190824T220745_0179_048_238_3060_MAR_O_NT_002_subset.txt
170,20190825T135137,0.00102285938692314,0.0043963542213447,0.01068304154873615,0.021952540668304255,0.02871318379714027,0.05105489508209185,0.06314746534745634,0.06653359807421552,0.06734184047503951,0.0677933790068145,0.06059477830475441,0.03039477302399364,0.03231967364889061,0.018910981786523767,0.016252244055110943,0.00922711994260302,S3B_OL_2_WFR____20190825T135137_20190825T135437_20190826T221952_0179_029_124_3060_MAR_O_NT_002_subset.txt
171,20190826T132526,-0.041909020035104876,-0.038950688134475525,-0.029807171930821694,-0.015204448899125872,-0.006482088116748269,0.01708168032727273,0.029138647304545465,0.034314351908601416,0.035045515575524475,0.035528135383706305,0.03760977473804197,0.027065202628416076,0.03105663963986016,0.021356427377349642,0.019025410694912568,0.01768261764258742,S3B_OL_2_WFR____20190826T132526_20190826T132826_20190827T233944_0179_029_138_3060_MAR_O_NT_002_subset.txt
172,20190826T140456,0.008056576652594353,0.008050838650107842,0.015067217805689063,0.02541327796432596,0.032330739861414055,0.05356314203439194,0.06587306549672242,0.06948806637321743,0.07022451507653685,0.07061191173825036,0.061035477576393035,0.02775214045331934,0.029846694022109047,0.01701125605231157,0.014288123614501469,0.007000094911342124,S3A_OL_2_WFR____20190826T140456_20190826T140756_20190827T230718_0179_048_281_3060_MAR_O_NT_002_subset.txt
173,20190827T133845,-0.01737403195213057,-0.016635399160501236,-0.005806738030937123,0.010151523782819237,0.019791092242551385,0.04584599155480654,0.05989969896666268,0.06438145845910513,0.06532493431027209,0.06616711223381011,0.060815586412188705,0.03246306394556411,0.0335265583655986,0.0204802717797237,0.017701234854160208,0.012154608197605797,S3A_OL_2_WFR____20190827T133845_20190827T134145_20190828T222419_0179_048_295_3060_MAR_O_NT_002_subset.txt
174,20190828T141403,,,,,,,,,,,,,,,,,S3B_OL_2_WFR____20190828T141403_20190828T141703_20190829T232024_0180_029_167_3060_MAR_O_NT_002_subset.txt
175,20190829T134752,-0.009807488071082364,-0.007057182577226627,-0.000982339919622912,0.011564509266065637,0.019087289866879277,0.041399049410210546,0.05343195184081745,0.057101361458383314,0.0576811147770588,0.05818858763694111,0.052852017001486076,0.02629279511130654,0.027391846940061942,0.016001295949492234,0.01379860030551207,0.01063377218237771,S3B_OL_2_WFR____20190829T134752_20190829T135052_20190830T200953_0179_029_181_3060_MAR_O_NT_002_subset.txt
176,20190830T140112,-0.00994021491064661,-0.008056934532723313,0.0023528393681233107,0.01678789993225768,0.024884082433015348,0.048398137547766805,0.062123255253269956,0.06618070422262586,0.06703076640823923,0.06762558536500617,0.05877169368773613,0.02585021231987729,0.02772221399613498,0.015603373615127607,0.013248273292654017,0.006563169259349697,S3A_OL_2_WFR____20190830T140112_20190830T140412_20190831T221607_0179_048_338_3060_MAR_O_NT_002_subset.txt
177,20190831T133501,-0.02529050894921414,-0.02414612947472529,-0.011864859889511787,0.005943347759024715,0.016693248799976492,0.04539696304677641,0.060237102078770574,0.06501528833891763,0.06605124440088225,0.0668255565458942,0.062415919084499935,0.03526043031943357,0.03539392901894106,0.021292481637250626,0.01844688195031881,0.013581771866999439,S3A_OL_2_WFR____20190831T133501_20190831T133801_20190901T224633_0179_048_352_3060_MAR_O_NT_002_subset.txt
178,20190901T141019,-0.009493958615418891,-0.0061139403442067785,0.0026427617449474726,0.017185018484015966,0.02556513750283245,0.0509320824868685,0.06540299409514633,0.0700386258420278,0.07084309705531909,0.07146258225982051,0.06338748195944141,0.029117662580844417,0.03213092307905587,0.01963576036153392,0.017266249702177525,0.013267135721968092,S3B_OL_2_WFR____20190901T141019_20190901T141319_20190902T224002_0179_029_224_3060_MAR_O_NT_002_subset.txt
179,20190902T134408,0.005650766055172415,0.006646160565649452,0.01038483591567146,0.021729513210899384,0.029351844352650397,0.05322633442559388,0.06597628398624995,0.06982147586858235,0.07035286609597696,0.07063242644885052,0.06401853901276824,0.033433817769626464,0.03390178586800767,0.020364143142358238,0.01772585306390329,0.013257031059578556,S3B_OL_2_WFR____20190902T134408_20190902T134708_20190903T223305_0179_029_238_3060_MAR_O_NT_002_subset.txt
180,20190903T135728,-0.03152889333177929,-0.03067814687520158,-0.022408947435936546,-0.007898854105083683,-9.359746417842541e-05,0.02527455709822075,0.03784112582325609,0.041015906101512095,0.04213280972721772,0.042574048346371005,0.03530647741461699,0.018674861594455656,0.02203090717409274,0.012721740157029256,0.010280548555352825,0.0038309044401471782,S3A_OL_2_WFR____20190903T135728_20190903T140028_20190904T224859_0179_049_010_3060_MAR_O_NT_002_subset.txt
181,20190904T133117,0.07301859,0.07332987,0.08266854,0.09294107,0.10075991599999999,0.11883297599999999,0.12148809,0.12057253,0.12082889,0.12092044,0.13221839,0.14402905,0.15038301,0.14391918,0.14062320000000003,0.12242195,S3A_OL_2_WFR____20190904T133117_20190904T133417_20190905T220743_0179_049_024_3060_MAR_O_NT_002_subset.txt
182,20190905T140635,,,,,,,,,,,,,,,,,S3B_OL_2_WFR____20190905T140635_20190905T140935_20190906T201441_0180_029_281_3060_MAR_O_NT_002_subset.txt
183,20190906T134024,0.005463011082498394,0.007188891819353212,0.006438225105983865,0.01801096220712901,0.024318075016532298,0.048687824078064545,0.06088934092748388,0.06372773948032252,0.06419059686048388,0.06428723244645161,0.05563804043766128,0.028795376708943547,0.030223318157580656,0.018400073261650073,0.015690472522985496,0.01098188969485484,S3B_OL_2_WFR____20190906T134024_20190906T134324_20190907T221023_0179_029_295_3060_MAR_O_NT_002_subset.txt
184,20190907T135344,,,,,,,,,,,,,,,,,S3A_OL_2_WFR____20190907T135344_20190907T135644_20190908T214622_0179_049_067_3060_MAR_O_NT_002_subset.txt
185,20190908T132733,-0.03364660744357183,-0.03352187419359836,-0.02014198541087746,-0.0017061689572091623,0.010042989023118792,0.04009051693535891,0.05509651358641702,0.060011617919813715,0.06085939029348636,0.06155624337690282,0.05732600411654086,0.0343708684090037,0.03499428458873762,0.022449318626258055,0.0190451072291819,0.018121098937474614,S3A_OL_2_WFR____20190908T132733_20190908T133033_20190909T230310_0179_049_081_3060_MAR_O_NT_002_subset.txt
186,20190909T140250,-0.0005596443592372139,0.002393069465619225,0.009592831633189167,0.021711805311902057,0.02920355233967962,0.0522068595309058,0.06423337520837952,0.0667187889185213,0.06698393344272337,0.06727925766483678,0.058106691071961106,0.02483845766179914,0.026966122409242167,0.015175518937050521,0.012892136445560093,0.008248087895631551,S3B_OL_2_WFR____20190909T140250_20190909T140550_20190911T001620_0180_029_338_3060_MAR_O_NT_002_subset.txt
187,20190910T133639,-0.013404343586951249,-0.01116023045371861,-0.006362208378530776,0.006125673227733017,0.014311044939776165,0.03948804002067943,0.05124653644730618,0.054030351568201504,0.05447258447576339,0.054896155073441213,0.05236887127192407,0.030562363830545156,0.03220903142486009,0.020403857015192647,0.018015962853370874,0.018858420059848145,S3B_OL_2_WFR____20190910T133639_20190910T133939_20190911T201548_0179_029_352_3060_MAR_O_NT_002_subset.txt
188,20190911T135000,-0.00577344774109601,-0.0043302734011009215,0.004651521349371092,0.018232637668603054,0.02645092122917598,0.05051485842755697,0.0625140641740677,0.06475665080818456,0.0652509267537047,0.06570221364350774,0.057930473257723145,0.029706433015870764,0.031175592189046235,0.018719949736773538,0.01598983706708922,0.008857880958683081,S3A_OL_2_WFR____20190911T135000_20190911T135300_20190912T224330_0179_049_124_3060_MAR_O_NT_002_subset.txt
189,20190912T132349,,,,,,,,,,,,,,,,,S3A_OL_2_WFR____20190912T132349_20190912T132649_20190913T221222_0179_049_138_3060_MAR_O_NT_002_subset.txt
190,20190913T135906,-0.001450845629363113,0.0014930940865883913,0.008854100305197225,0.021394637111378435,0.02892198576059347,0.05221739359142307,0.06397494653739634,0.06633494080388011,0.06640827873206757,0.06656692039709006,0.057838213624696905,0.026537031344033242,0.02830112587721756,0.01656939782087745,0.014142422530784312,0.009913071137970653,S3B_OL_2_WFR____20190913T135906_20190913T140206_20190914T223601_0179_030_010_3060_MAR_O_NT_002_subset.txt
191,20190914T133255,-0.017072242443029625,-0.014752536703778352,-0.008810771678860818,0.0038906232078608264,0.011987813116108244,0.03756941931674613,0.04989206204730661,0.053099455317925176,0.0536589115454124,0.054080491729342824,0.05123023596494844,0.03264505313242269,0.0346095564893041,0.023443934881054146,0.021236243128269352,0.022608065908092785,S3B_OL_2_WFR____20190914T133255_20190914T133555_20190915T201218_0180_030_024_3060_MAR_O_NT_002_subset.txt
192,20190914T141227,0.0472432468832957,0.04977617303115127,0.061968641339503375,0.08009746307223467,0.09011409297178327,0.11894792599322804,0.13640659431015806,0.14207530795462753,0.14328181574672685,0.14461935254104966,0.14012006963882614,0.1134553796636568,0.12198223763882612,0.10576653394356654,0.10247871895485326,0.08975622018510164,S3A_OL_2_WFR____20190914T141227_20190914T141527_20190915T220950_0179_049_167_3060_MAR_O_NT_002_subset.txt
193,20190915T134616,0.09462761921052631,0.0914597996842105,0.09222500942105265,0.0947827822631579,0.09881218942105263,0.11375309042105262,0.11707125400000001,0.11555818036842107,0.11597355294736843,0.11628773173684213,0.11500306421052632,0.11267659000000001,0.11458769131578946,0.09658690847368422,0.09213731010526317,0.09408888852631579,S3A_OL_2_WFR____20190915T134616_20190915T134916_20190916T225142_0180_049_181_3060_MAR_O_NT_002_subset.txt
194,20190917T135521,-0.008719460066522801,-0.004836874079213572,0.0001413229416740756,0.010267731208020022,0.016526503924538388,0.03965271791286992,0.049090290412134585,0.04971019988783097,0.05012821861677421,0.05038098922947718,0.04437313369299223,0.023067438702139034,0.02493313467530591,0.014186837449392652,0.012212171025121251,0.008223058880378196,S3B_OL_2_WFR____20190917T135521_20190917T135821_20190918T222807_0179_030_067_3060_MAR_O_NT_002_subset.txt
195,20190918T132910,-0.02659526541953974,-0.02419779381792781,-0.018472757563844137,-0.0043642610616945595,0.004931191902248948,0.03208956927092046,0.043936414352092105,0.046308660289278276,0.046519333688964444,0.04691434420183052,0.046083793774895424,0.030197127958729062,0.03272277736861925,0.021330089823139105,0.018693118182552277,0.023361607464832623,S3B_OL_2_WFR____20190918T132910_20190918T133210_20190919T230319_0179_030_081_3060_MAR_O_NT_002_subset.txt
196,20190918T140843,0.026966762235687478,0.027728356066234604,0.03661377992338234,0.049765866426691174,0.05779885444836764,0.08203454575272058,0.09465725259691188,0.09726470047079422,0.09778628408958824,0.09849524717834558,0.09072758183132355,0.06088571636311773,0.06622178805713225,0.0515922242521603,0.04871002923948316,0.038416306359225036,S3A_OL_2_WFR____20190918T140843_20190918T141143_20190919T222614_0179_049_224_3060_MAR_O_NT_002_subset.txt
197,20190919T134232,-0.002807578399277026,-0.001766644616558273,0.005781428359831933,0.019867633313479745,0.027718721080269404,0.053154270170557356,0.0645669298919763,0.06545596202297302,0.06586324490777956,0.06626698617789102,0.0576067918911318,0.031198372503274435,0.03299767064501691,0.019800157524440053,0.016789186889721284,0.00932959182819087,S3A_OL_2_WFR____20190919T134232_20190919T134532_20190920T195042_0179_049_238_3060_MAR_O_NT_002_subset.txt
198,20190921T135136,0.001118427349260707,0.005140240410536524,0.013163975637335644,0.02756311215370087,0.03583702232773303,0.06157401975579333,0.07401409868212853,0.07513402809051008,0.07516875916729848,0.07557928304010078,0.0673024556715996,0.030114824769609593,0.03119458035415612,0.018495332596198403,0.01595851796531803,0.010302150363117137,S3B_OL_2_WFR____20190921T135136_20190921T135436_20190922T191342_0179_030_124_3060_MAR_O_NT_002_subset.txt
199,20190922T132525,,,,,,,,,,,,,,,,,S3B_OL_2_WFR____20190922T132525_20190922T132825_20190923T203948_0180_030_138_3060_MAR_O_NT_002_subset.txt
200,20190922T140459,0.12028493829411767,0.11498548811764706,0.11197169547058823,0.1115526967647059,0.11473667441176469,0.1305951674117647,0.13481318529411768,0.13291960058823532,0.13280004029411763,0.13243920294117645,0.12212789558823532,0.10548202523529411,0.11230775858823529,0.09415175800000002,0.08895140488235295,0.07332880152941178,S3A_OL_2_WFR____20190922T140459_20190922T140759_20190923T230346_0179_049_281_3060_MAR_O_NT_002_subset.txt
201,20190923T133848,0.056190682000000006,0.057271037000000004,0.0709311225,0.08665120500000001,0.096777248,0.12703635,0.13274941,0.13295084,0.13245644,0.13461715,0.14743492,0.17989135500000003,0.16514176,0.16609395,0.164400165,0.1790399,S3A_OL_2_WFR____20190923T133848_20190923T134148_20190924T223318_0179_049_295_3060_MAR_O_NT_002_subset.txt
202,20190924T141403,,,,,,,,,,,,,,,,,S3B_OL_2_WFR____20190924T141403_20190924T141703_20190925T230431_0180_030_167_3060_MAR_O_NT_002_subset.txt
203,20190925T134752,0.01759739492316856,0.018580042639369933,0.022306021239615365,0.03446948415282807,0.04228733221115384,0.06905261775158365,0.08001204257287328,0.08036618843909513,0.08021752445769231,0.08052813004518093,0.07384981689468327,0.045775577059434386,0.048063636744457024,0.03386851108612666,0.030950251134745494,0.032412136171006745,S3B_OL_2_WFR____20190925T134752_20190925T135052_20190926T224651_0179_030_181_3060_MAR_O_NT_002_subset.txt
204,20190926T140115,0.0044000375630424225,0.005761962065572123,0.016331887079130924,0.03222106633426058,0.0415862760742776,0.0707018446706667,0.0844372826748969,0.08565808955934558,0.08593248993296972,0.08645454531066661,0.0777046996021733,0.043508187511721155,0.04895788349672731,0.03206272520449452,0.028580041629284854,0.01979561590508726,S3A_OL_2_WFR____20190926T140115_20190926T140415_20190927T221713_0179_049_338_3060_MAR_O_NT_002_subset.txt
205,20190927T133504,0.0043059398411678836,0.004671916947725052,0.017841745502007313,0.03662711359851579,0.04889951976861317,0.08266259308430662,0.0987091365695863,0.10112675968163015,0.10147569514574212,0.10224645466788318,0.0956459691430657,0.054741030082420906,0.05511366769124091,0.03606465967536378,0.03233834957903405,0.021743370045620453,S3A_OL_2_WFR____20190927T133504_20190927T133804_20190928T220100_0179_049_352_3060_MAR_O_NT_002_subset.txt
206,20190928T141018,,,,,,,,,,,,,,,,,S3B_OL_2_WFR____20190928T141018_20190928T141318_20190929T224828_0179_030_224_3060_MAR_O_NT_002_subset.txt
207,20190929T134407,0.016581470320703118,0.018434825962499995,0.02516515881953123,0.040465447013554666,0.049179959955468776,0.07814698541796877,0.09199404378867189,0.09369304279781256,0.09375791839582033,0.09404810643437499,0.08407727982968742,0.04364178020468749,0.046834135526562494,0.02852310094471485,0.024918674245585925,0.015637232430468745,S3B_OL_2_WFR____20190929T134407_20190929T134707_20190930T223218_0179_030_238_3060_MAR_O_NT_002_subset.txt
208,20190930T135731,-0.002787296455531365,-0.0009773753220937292,0.009870002275786003,0.025662216326730623,0.03469263224915866,0.06321411917487818,0.07449782798792629,0.07420222878354231,0.07429304095387469,0.07445216515247223,0.0659006084388561,0.03848974745014987,0.04268611237011076,0.027295053550918824,0.02376421274785975,0.013248840516634702,S3A_OL_2_WFR____20190930T135731_20190930T140031_20191001T221706_0179_050_010_3060_MAR_O_NT_002_subset.txt
